employer_id,bulan_ke,reported_worker_count,reported_avg_wage_rupiah,iuran_dilaporkan_rupiah,iuran_dibayar_rupiah,telat_bayar
EMP0001,1,135,2459000,16598250,16598250,False
EMP0001,2,133,2496000,16598400,16598400,False
EMP0001,3,130,2617000,17010500,17010500,False
EMP0001,4,133,2684000,17848600,17848600,False
EMP0001,5,136,2464000,16755200,16755200,False
EMP0001,6,136,2540000,17272000,17272000,False
EMP0001,7,135,2520000,17010000,17010000,False
EMP0001,8,133,2607000,17336550,17336550,False
EMP0001,9,135,2474000,16699500,16699500,False
EMP0001,10,134,2650000,17755000,17755000,False
EMP0001,11,130,2588000,16822000,16822000,False
EMP0001,12,133,2561000,17030650,17030650,False
EMP0002,1,48,9710000,23304000,23304000,False
EMP0002,2,50,10093000,25232500,25232500,False
EMP0002,3,52,9599000,24957400,24957400,False
EMP0002,4,47,9674000,22733900,22733900,False
EMP0002,5,47,9592000,22541200,22541200,False
EMP0002,6,47,10156000,23866600,23866600,False
EMP0002,7,53,9771000,25893150,25893150,False
EMP0002,8,47,10413000,24470550,24470550,False
EMP0002,9,49,9504000,23284800,23284800,False
EMP0002,10,47,10341000,24301350,24301350,False
EMP0002,11,49,9180000,22491000,22491000,False
EMP0002,12,50,10266000,25665000,25665000,False
EMP0003,1,51,2316000,5905800,0,True
EMP0003,2,50,2419000,6047500,6047500,False
EMP0003,3,49,2417000,5921650,5921650,False
EMP0003,4,49,2409000,5902050,5902050,False
EMP0003,5,50,2419000,6047500,6047500,False
EMP0003,6,50,2296000,5740000,5740000,False
EMP0003,7,50,2445000,6112500,6112500,False
EMP0003,8,47,2292000,5386200,5386200,False
EMP0003,9,50,2455000,6137500,6137500,False
EMP0003,10,51,2513000,6408150,6408150,False
EMP0003,11,49,2282000,5590900,5590900,False
EMP0003,12,52,2491000,6476600,6476600,False
EMP0004,1,100,4540000,22700000,22700000,False
EMP0004,2,98,4673000,22897700,22897700,False
EMP0004,3,97,4747000,23022950,23022950,False
EMP0004,4,96,4628000,22214400,22214400,False
EMP0004,5,93,4581000,21301650,21301650,False
EMP0004,6,98,4451000,21809900,21809900,False
EMP0004,7,89,4669000,20777050,20777050,False
EMP0004,8,94,4759000,22367300,22367300,False
EMP0004,9,96,4622000,22185600,22185600,False
EMP0004,10,97,4566000,22145100,0,True
EMP0004,11,99,4721000,23368950,23368950,False
EMP0004,12,97,4510000,21873500,21873500,False
EMP0005,1,431,3915000,84368250,84368250,False
EMP0005,2,424,3967000,84100400,84100400,False
EMP0005,3,422,3868000,81614800,81614800,False
EMP0005,4,415,3726000,77314500,77314500,False
EMP0005,5,453,4106000,93000900,93000900,False
EMP0005,6,439,4106000,90126700,90126700,False
EMP0005,7,430,3705000,79657500,79657500,False
EMP0005,8,415,3963000,82232250,82232250,False
EMP0005,9,436,4059000,88486200,88486200,False
EMP0005,10,414,3688000,76341600,76341600,False
EMP0005,11,422,3759000,79314900,79314900,False
EMP0005,12,423,3814000,80666100,80666100,False
EMP0006,1,29,3898000,5652100,5652100,False
EMP0006,2,29,3829000,5552050,5552050,False
EMP0006,3,29,3694000,5356300,5356300,False
EMP0006,4,30,3382000,5073000,5073000,False
EMP0006,5,26,3718000,4833400,4833400,False
EMP0006,6,29,3594000,5211300,5211300,False
EMP0006,7,30,3527000,5290500,5290500,False
EMP0006,8,29,3634000,5269300,5269300,False
EMP0006,9,28,3934000,5507600,5507600,False
EMP0006,10,27,3749000,5061150,5061150,False
EMP0006,11,30,3611000,5416500,5416500,False
EMP0006,12,29,3638000,5275100,5275100,False
EMP0007,1,107,2074000,11095900,11095900,False
EMP0007,2,105,2038000,10699500,10699500,False
EMP0007,3,104,2097000,10904400,10904400,False
EMP0007,4,107,2168000,11598800,11598800,False
EMP0007,5,104,2166000,11263200,11263200,False
EMP0007,6,110,2076000,11418000,11418000,False
EMP0007,7,105,2163000,11355750,11355750,False
EMP0007,8,106,2138000,11331400,11331400,False
EMP0007,9,108,2168000,11707200,11707200,False
EMP0007,10,105,2203000,11565750,11565750,False
EMP0007,11,106,2159000,11442700,11442700,False
EMP0007,12,102,2202000,11230200,11230200,False
EMP0008,1,7,2348000,821800,821800,False
EMP0008,2,6,2317000,695100,695100,False
EMP0008,3,6,2350000,705000,705000,False
EMP0008,4,6,2237000,671100,671100,False
EMP0008,5,7,2352000,823200,823200,False
EMP0008,6,6,2364000,709200,709200,False
EMP0008,7,6,2297000,689100,689100,False
EMP0008,8,6,2287000,686100,686100,False
EMP0008,9,7,2234000,781900,781900,False
EMP0008,10,6,2255000,676500,676500,False
EMP0008,11,7,2244000,785400,785400,False
EMP0008,12,7,2335000,817250,817250,False
EMP0009,1,100,4214000,21070000,21070000,False
EMP0009,2,103,4041000,20811150,20811150,False
EMP0009,3,102,3972000,20257200,20257200,False
EMP0009,4,104,3812000,19822400,19822400,False
EMP0009,5,101,4305000,21740250,21740250,False
EMP0009,6,105,4090000,21472500,21472500,False
EMP0009,7,105,4082000,21430500,21430500,False
EMP0009,8,99,4177000,20676150,20676150,False
EMP0009,9,105,4382000,23005500,23005500,False
EMP0009,10,98,4015000,19673500,19673500,False
EMP0009,11,104,4153000,21595600,21595600,False
EMP0009,12,105,3986000,20926500,20926500,False
EMP0010,1,87,2246000,9770100,9770100,False
EMP0010,2,81,2167000,8776350,8776350,False
EMP0010,3,82,2321000,9516100,9516100,False
EMP0010,4,87,2187000,9513450,9513450,False
EMP0010,5,89,2205000,9812250,9812250,False
EMP0010,6,86,2184000,9391200,9391200,False
EMP0010,7,81,2190000,8869500,8869500,False
EMP0010,8,85,2122000,9018500,9018500,False
EMP0010,9,87,2065000,8982750,8982750,False
EMP0010,10,88,2233000,9825200,9825200,False
EMP0010,11,87,2275000,9896250,9896250,False
EMP0010,12,86,2176000,9356800,9356800,False
EMP0011,1,155,5153000,39935750,39935750,False
EMP0011,2,153,5253000,40185450,40185450,False
EMP0011,3,148,4856000,35934400,35934400,False
EMP0011,4,153,4870000,37255500,37255500,False
EMP0011,5,156,5090000,39702000,39702000,False
EMP0011,6,159,4972000,39527400,39527400,False
EMP0011,7,153,5193000,39726450,39726450,False
EMP0011,8,156,5164000,40279200,40279200,False
EMP0011,9,151,5143000,38829650,38829650,False
EMP0011,10,153,5252000,40177800,40177800,False
EMP0011,11,152,5009000,38068400,38068400,False
EMP0011,12,152,5163000,39238800,39238800,False
EMP0012,1,49,4997000,12242650,12242650,False
EMP0012,2,46,5031000,11571300,11571300,False
EMP0012,3,46,5020000,11546000,11546000,False
EMP0012,4,47,5174000,12158900,12158900,False
EMP0012,5,46,5395000,12408500,12408500,False
EMP0012,6,45,4876000,10971000,10971000,False
EMP0012,7,49,4926000,12068700,12068700,False
EMP0012,8,46,5093000,11713900,11713900,False
EMP0012,9,44,5016000,11035200,11035200,False
EMP0012,10,47,4858000,11416300,11416300,False
EMP0012,11,45,4902000,11029500,11029500,False
EMP0012,12,50,5079000,12697500,12697500,False
EMP0013,1,39,2950000,5752500,5752500,False
EMP0013,2,40,2918000,5836000,5836000,False
EMP0013,3,39,3051000,5949450,5949450,False
EMP0013,4,41,3068000,6289400,6289400,False
EMP0013,5,40,3220000,6440000,6440000,False
EMP0013,6,38,2925000,5557500,5557500,False
EMP0013,7,41,3008000,6166400,6166400,False
EMP0013,8,43,3071000,6602650,6602650,False
EMP0013,9,40,2925000,5850000,5850000,False
EMP0013,10,41,2844000,5830200,5830200,False
EMP0013,11,41,2999000,6147950,6147950,False
EMP0013,12,40,3003000,6006000,6006000,False
EMP0014,1,156,2320000,18096000,18096000,False
EMP0014,2,161,2322000,18692100,18692100,False
EMP0014,3,162,2441000,19772100,19772100,False
EMP0014,4,153,2353000,18000450,18000450,False
EMP0014,5,157,2307000,18109950,18109950,False
EMP0014,6,158,2298000,18154200,18154200,False
EMP0014,7,154,2276000,17525200,17525200,False
EMP0014,8,158,2392000,18896800,18896800,False
EMP0014,9,159,2385000,18960750,18960750,False
EMP0014,10,151,2461000,18580550,18580550,False
EMP0014,11,153,2349000,17969850,17969850,False
EMP0014,12,153,2331000,17832150,17832150,False
EMP0015,1,192,6081000,58377600,58377600,False
EMP0015,2,177,5857000,51834450,0,True
EMP0015,3,193,5804000,56008600,56008600,False
EMP0015,4,190,5561000,52829500,52829500,False
EMP0015,5,180,6052000,54468000,54468000,False
EMP0015,6,193,6092000,58787800,58787800,False
EMP0015,7,182,6017000,54754700,54754700,False
EMP0015,8,189,6135000,57975750,57975750,False
EMP0015,9,185,5658000,52336500,52336500,False
EMP0015,10,189,5795000,54762750,54762750,False
EMP0015,11,192,6015000,57744000,57744000,False
EMP0015,12,179,6334000,56689300,56689300,False
EMP0016,1,56,3217000,9007600,9007600,False
EMP0016,2,56,3147000,8811600,8811600,False
EMP0016,3,60,3204000,9612000,9612000,False
EMP0016,4,56,3220000,9016000,9016000,False
EMP0016,5,55,3222000,8860500,8860500,False
EMP0016,6,60,3042000,9126000,9126000,False
EMP0016,7,55,3066000,8431500,8431500,False
EMP0016,8,51,3072000,7833600,7833600,False
EMP0016,9,55,3295000,9061250,9061250,False
EMP0016,10,58,3137000,9097300,9097300,False
EMP0016,11,56,3242000,9077600,9077600,False
EMP0016,12,57,3147000,8968950,8968950,False
EMP0017,1,91,3323000,15119650,15119650,False
EMP0017,2,95,3282000,15589500,15589500,False
EMP0017,3,93,3057000,14215050,14215050,False
EMP0017,4,92,3382000,15557200,15557200,False
EMP0017,5,87,3307000,14385450,0,True
EMP0017,6,90,3290000,14805000,14805000,False
EMP0017,7,94,3387000,15918900,15918900,False
EMP0017,8,96,3262000,15657600,15657600,False
EMP0017,9,91,3363000,15301650,15301650,False
EMP0017,10,91,3211000,14610050,14610050,False
EMP0017,11,94,3347000,15730900,15730900,False
EMP0017,12,91,3301000,15019550,15019550,False
EMP0018,1,282,3514000,49547400,49547400,False
EMP0018,2,293,3287000,48154550,48154550,False
EMP0018,3,283,3650000,51647500,51647500,False
EMP0018,4,289,3350000,48407500,48407500,False
EMP0018,5,286,3277000,46861100,46861100,False
EMP0018,6,278,3554000,49400600,49400600,False
EMP0018,7,257,3442000,44229700,44229700,False
EMP0018,8,279,3381000,47164950,47164950,False
EMP0018,9,286,3232000,46217600,46217600,False
EMP0018,10,285,3327000,47409750,47409750,False
EMP0018,11,285,3505000,49946250,49946250,False
EMP0018,12,262,3463000,45365300,45365300,False
EMP0019,1,236,5079000,59932200,59932200,False
EMP0019,2,240,5241000,62892000,62892000,False
EMP0019,3,252,5193000,65431800,65431800,False
EMP0019,4,238,4890000,58191000,58191000,False
EMP0019,5,242,4776000,57789600,57789600,False
EMP0019,6,238,5396000,64212400,64212400,False
EMP0019,7,234,5323000,62279100,62279100,False
EMP0019,8,239,5049000,60335550,60335550,False
EMP0019,9,227,4856000,55115600,55115600,False
EMP0019,10,256,5080000,65024000,65024000,False
EMP0019,11,253,5479000,69309350,69309350,False
EMP0019,12,245,5435000,66578750,66578750,False
EMP0020,1,108,2504000,13521600,13521600,False
EMP0020,2,105,2543000,13350750,13350750,False
EMP0020,3,108,2527000,13645800,13645800,False
EMP0020,4,105,2577000,13529250,13529250,False
EMP0020,5,117,2494000,14589900,14589900,False
EMP0020,6,111,2583000,14335650,14335650,False
EMP0020,7,107,2562000,13706700,13706700,False
EMP0020,8,107,2529000,13530150,13530150,False
EMP0020,9,106,2383000,12629900,12629900,False
EMP0020,10,104,2423000,12599600,12599600,False
EMP0020,11,104,2469000,12838800,12838800,False
EMP0020,12,106,2621000,13891300,13891300,False
EMP0021,1,132,3139000,20717400,20717400,False
EMP0021,2,130,3112000,20228000,20228000,False
EMP0021,3,135,3179000,21458250,0,True
EMP0021,4,141,3027000,21340350,21340350,False
EMP0021,5,134,3099000,20763300,20763300,False
EMP0021,6,134,3186000,21346200,21346200,False
EMP0021,7,134,3183000,21326100,21326100,False
EMP0021,8,137,3038000,20810300,20810300,False
EMP0021,9,143,3097000,22143550,22143550,False
EMP0021,10,132,3222000,21265200,0,True
EMP0021,11,135,3201000,21606750,21606750,False
EMP0021,12,139,3193000,22191350,22191350,False
EMP0022,1,433,4464000,96645600,96645600,False
EMP0022,2,440,4657000,102454000,0,True
EMP0022,3,429,4548000,97554600,97554600,False
EMP0022,4,445,4311000,95919750,95919750,False
EMP0022,5,462,4517000,104342700,104342700,False
EMP0022,6,463,4640000,107416000,0,True
EMP0022,7,432,4695000,101412000,101412000,False
EMP0022,8,453,4621000,104665650,104665650,False
EMP0022,9,439,4523000,99279850,99279850,False
EMP0022,10,426,4428000,94316400,94316400,False
EMP0022,11,446,4633000,103315900,103315900,False
EMP0022,12,443,4503000,99741450,99741450,False
EMP0023,1,63,1507000,4747050,4747050,False
EMP0023,2,65,1237000,4020250,4020250,False
EMP0023,3,63,1207000,3802050,3802050,False
EMP0023,4,63,1206000,3798900,3798900,False
EMP0023,5,67,1469000,4921150,4921150,False
EMP0023,6,64,1457000,4662400,4662400,False
EMP0023,7,66,1291000,4260300,4260300,False
EMP0023,8,65,1227000,3987750,3987750,False
EMP0023,9,68,1406000,4780400,4780400,False
EMP0023,10,64,1354000,4332800,4332800,False
EMP0023,11,62,1289000,3995900,3995900,False
EMP0023,12,66,1287000,4247100,4247100,False
EMP0024,1,81,2290000,9274500,9274500,False
EMP0024,2,84,2244000,9424800,9424800,False
EMP0024,3,76,2368000,8998400,8998400,False
EMP0024,4,82,2115000,8671500,8671500,False
EMP0024,5,84,2242000,9416400,9416400,False
EMP0024,6,83,2186000,9071900,9071900,False
EMP0024,7,79,2237000,8836150,8836150,False
EMP0024,8,76,2156000,8192800,8192800,False
EMP0024,9,82,2133000,8745300,8745300,False
EMP0024,10,82,2182000,8946200,8946200,False
EMP0024,11,73,2177000,7946050,7946050,False
EMP0024,12,83,2171000,9009650,9009650,False
EMP0025,1,148,3221000,23835400,23835400,False
EMP0025,2,140,3330000,23310000,23310000,False
EMP0025,3,137,3197000,21899450,21899450,False
EMP0025,4,137,3196000,21892600,21892600,False
EMP0025,5,146,3316000,24206800,24206800,False
EMP0025,6,140,3265000,22855000,22855000,False
EMP0025,7,144,3193000,22989600,22989600,False
EMP0025,8,137,3339000,22872150,22872150,False
EMP0025,9,148,3152000,23324800,23324800,False
EMP0025,10,152,3100000,23560000,23560000,False
EMP0025,11,142,3324000,23600400,23600400,False
EMP0025,12,141,3145000,22172250,0,True
EMP0026,1,126,4661000,29364300,29364300,False
EMP0026,2,123,4599000,28283850,28283850,False
EMP0026,3,125,4750000,29687500,29687500,False
EMP0026,4,124,4712000,29214400,29214400,False
EMP0026,5,130,4740000,30810000,30810000,False
EMP0026,6,123,4862000,29901300,29901300,False
EMP0026,7,126,4549000,28658700,28658700,False
EMP0026,8,129,4776000,30805200,30805200,False
EMP0026,9,122,4591000,28005100,28005100,False
EMP0026,10,118,4773000,28160700,28160700,False
EMP0026,11,117,4621000,27032850,27032850,False
EMP0026,12,124,4755000,29481000,29481000,False
EMP0027,1,118,3487000,20573300,20573300,False
EMP0027,2,120,3331000,19986000,19986000,False
EMP0027,3,121,3468000,20981400,20981400,False
EMP0027,4,119,3150000,18742500,18742500,False
EMP0027,5,117,3441000,20129850,20129850,False
EMP0027,6,117,3328000,19468800,19468800,False
EMP0027,7,117,3458000,20229300,20229300,False
EMP0027,8,121,3334000,20170700,20170700,False
EMP0027,9,122,3266000,19922600,19922600,False
EMP0027,10,115,3408000,19596000,19596000,False
EMP0027,11,116,3637000,21094600,21094600,False
EMP0027,12,113,3311000,18707150,18707150,False
EMP0028,1,93,3838000,17846700,17846700,False
EMP0028,2,101,4117000,20790850,20790850,False
EMP0028,3,96,3851000,18484800,18484800,False
EMP0028,4,97,4089000,19831650,19831650,False
EMP0028,5,92,3931000,18082600,18082600,False
EMP0028,6,91,3997000,18186350,0,True
EMP0028,7,89,3964000,17639800,17639800,False
EMP0028,8,90,4027000,18121500,18121500,False
EMP0028,9,96,4055000,19464000,19464000,False
EMP0028,10,89,3887000,17297150,17297150,False
EMP0028,11,92,3868000,17792800,17792800,False
EMP0028,12,99,4049000,20042550,20042550,False
EMP0029,1,91,7556000,34379800,34379800,False
EMP0029,2,98,7721000,37832900,37832900,False
EMP0029,3,93,7363000,34237950,34237950,False
EMP0029,4,90,7708000,34686000,34686000,False
EMP0029,5,93,7615000,35409750,35409750,False
EMP0029,6,92,7462000,34325200,34325200,False
EMP0029,7,96,7569000,36331200,36331200,False
EMP0029,8,90,7845000,35302500,35302500,False
EMP0029,9,90,7722000,34749000,34749000,False
EMP0029,10,93,7447000,34628550,34628550,False
EMP0029,11,94,7793000,36627100,36627100,False
EMP0029,12,89,7619000,33904550,33904550,False
EMP0030,1,71,9557000,33927350,33927350,False
EMP0030,2,74,9588000,35475600,0,True
EMP0030,3,73,9302000,33952300,33952300,False
EMP0030,4,76,10011000,38041800,38041800,False
EMP0030,5,75,9960000,37350000,37350000,False
EMP0030,6,75,9716000,36435000,36435000,False
EMP0030,7,79,9240000,36498000,36498000,False
EMP0030,8,72,10054000,36194400,36194400,False
EMP0030,9,72,9904000,35654400,35654400,False
EMP0030,10,76,9823000,37327400,37327400,False
EMP0030,11,75,9700000,36375000,36375000,False
EMP0030,12,76,9977000,37912600,37912600,False
EMP0031,1,64,3076000,9843200,9843200,False
EMP0031,2,65,3137000,10195250,10195250,False
EMP0031,3,66,2925000,9652500,9652500,False
EMP0031,4,65,3014000,9795500,9795500,False
EMP0031,5,64,2865000,9168000,9168000,False
EMP0031,6,64,3289000,10524800,10524800,False
EMP0031,7,63,3050000,9607500,9607500,False
EMP0031,8,66,3056000,10084800,10084800,False
EMP0031,9,64,2902000,9286400,9286400,False
EMP0031,10,66,2792000,9213600,9213600,False
EMP0031,11,64,2924000,9356800,9356800,False
EMP0031,12,66,3086000,10183800,10183800,False
EMP0032,1,85,3297000,14012250,14012250,False
EMP0032,2,84,3191000,13402200,13402200,False
EMP0032,3,86,3221000,13850300,13850300,False
EMP0032,4,83,3149000,13068350,13068350,False
EMP0032,5,82,3356000,13759600,13759600,False
EMP0032,6,83,3335000,13840250,13840250,False
EMP0032,7,81,3362000,13616100,13616100,False
EMP0032,8,84,3238000,13599600,13599600,False
EMP0032,9,85,3082000,13098500,13098500,False
EMP0032,10,83,3471000,14404650,14404650,False
EMP0032,11,79,3278000,12948100,12948100,False
EMP0032,12,89,3464000,15414800,15414800,False
EMP0033,1,238,2039000,24264100,24264100,False
EMP0033,2,231,2179000,25167450,25167450,False
EMP0033,3,238,2034000,24204600,24204600,False
EMP0033,4,230,2177000,25035500,25035500,False
EMP0033,5,244,2073000,25290600,25290600,False
EMP0033,6,222,2213000,24564300,24564300,False
EMP0033,7,230,2227000,25610500,25610500,False
EMP0033,8,236,2102000,24803600,24803600,False
EMP0033,9,238,2224000,26465600,26465600,False
EMP0033,10,241,2196000,26461800,26461800,False
EMP0033,11,242,2102000,25434200,25434200,False
EMP0033,12,220,2056000,22616000,22616000,False
EMP0034,1,124,4258000,26399600,26399600,False
EMP0034,2,118,4331000,25552900,25552900,False
EMP0034,3,110,4625000,25437500,25437500,False
EMP0034,4,124,4427000,27447400,27447400,False
EMP0034,5,116,4428000,25682400,25682400,False
EMP0034,6,117,4475000,26178750,26178750,False
EMP0034,7,111,4324000,23998200,23998200,False
EMP0034,8,114,4747000,27057900,27057900,False
EMP0034,9,122,4405000,26870500,26870500,False
EMP0034,10,111,4370000,24253500,24253500,False
EMP0034,11,122,4462000,27218200,27218200,False
EMP0034,12,119,4655000,27697250,27697250,False
EMP0035,1,114,6930000,39501000,39501000,False
EMP0035,2,120,7123000,42738000,42738000,False
EMP0035,3,119,7629000,45392550,45392550,False
EMP0035,4,116,7095000,41151000,41151000,False
EMP0035,5,121,7137000,43178850,43178850,False
EMP0035,6,126,7119000,44849700,44849700,False
EMP0035,7,117,7413000,43366050,43366050,False
EMP0035,8,115,7429000,42716750,42716750,False
EMP0035,9,109,6927000,37752150,37752150,False
EMP0035,10,118,7029000,41471100,41471100,False
EMP0035,11,117,7358000,43044300,43044300,False
EMP0035,12,114,7256000,41359200,41359200,False
EMP0036,1,41,7505000,15385250,15385250,False
EMP0036,2,41,7240000,14842000,14842000,False
EMP0036,3,41,7543000,15463150,15463150,False
EMP0036,4,40,7151000,14302000,14302000,False
EMP0036,5,40,7370000,14740000,14740000,False
EMP0036,6,42,7580000,15918000,15918000,False
EMP0036,7,40,7059000,14118000,14118000,False
EMP0036,8,40,7006000,14012000,14012000,False
EMP0036,9,40,7111000,14222000,14222000,False
EMP0036,10,42,7306000,15342600,15342600,False
EMP0036,11,41,7196000,14751800,14751800,False
EMP0036,12,41,7358000,15083900,15083900,False
EMP0037,1,196,2544000,24931200,24931200,False
EMP0037,2,202,2601000,26270100,0,True
EMP0037,3,183,2569000,23506350,23506350,False
EMP0037,4,191,2581000,24648550,24648550,False
EMP0037,5,191,2631000,25126050,25126050,False
EMP0037,6,187,2597000,24281950,24281950,False
EMP0037,7,200,2767000,27670000,27670000,False
EMP0037,8,200,2607000,26070000,26070000,False
EMP0037,9,187,2774000,25936900,25936900,False
EMP0037,10,207,2716000,28110600,28110600,False
EMP0037,11,191,2731000,26081050,26081050,False
EMP0037,12,194,2672000,25918400,25918400,False
EMP0038,1,83,5926000,24592900,24592900,False
EMP0038,2,90,6024000,27108000,27108000,False
EMP0038,3,88,5764000,25361600,0,True
EMP0038,4,83,5660000,23489000,23489000,False
EMP0038,5,86,6007000,25830100,25830100,False
EMP0038,6,86,5984000,25731200,25731200,False
EMP0038,7,87,5754000,25029900,25029900,False
EMP0038,8,87,5764000,25073400,0,True
EMP0038,9,84,5789000,24313800,24313800,False
EMP0038,10,89,6075000,27033750,27033750,False
EMP0038,11,91,5850000,26617500,26617500,False
EMP0038,12,83,5843000,24248450,24248450,False
EMP0039,1,28,3884000,5437600,5437600,False
EMP0039,2,28,3931000,5503400,5503400,False
EMP0039,3,28,3882000,5434800,5434800,False
EMP0039,4,27,4220000,5697000,5697000,False
EMP0039,5,26,3814000,4958200,4958200,False
EMP0039,6,28,3965000,5551000,5551000,False
EMP0039,7,27,3939000,5317650,5317650,False
EMP0039,8,27,3787000,5112450,5112450,False
EMP0039,9,28,3981000,5573400,5573400,False
EMP0039,10,27,3992000,5389200,5389200,False
EMP0039,11,28,3919000,5486600,5486600,False
EMP0039,12,28,3779000,5290600,5290600,False
EMP0040,1,237,4117000,48786450,48786450,False
EMP0040,2,226,4248000,48002400,48002400,False
EMP0040,3,221,4188000,46277400,46277400,False
EMP0040,4,223,4280000,47722000,47722000,False
EMP0040,5,222,4268000,47374800,47374800,False
EMP0040,6,228,4220000,48108000,48108000,False
EMP0040,7,229,4439000,50826550,50826550,False
EMP0040,8,229,4357000,49887650,49887650,False
EMP0040,9,239,4223000,50464850,50464850,False
EMP0040,10,231,4386000,50658300,50658300,False
EMP0040,11,239,4355000,52042250,52042250,False
EMP0040,12,240,4586000,55032000,55032000,False
EMP0041,1,93,5716000,26579400,0,True
EMP0041,2,96,5884000,28243200,28243200,False
EMP0041,3,100,5787000,28935000,0,True
EMP0041,4,102,5855000,29860500,29860500,False
EMP0041,5,96,6149000,29515200,29515200,False
EMP0041,6,100,6214000,31070000,31070000,False
EMP0041,7,101,5895000,29769750,29769750,False
EMP0041,8,98,6138000,30076200,30076200,False
EMP0041,9,95,5805000,27573750,27573750,False
EMP0041,10,98,6258000,30664200,30664200,False
EMP0041,11,94,6225000,29257500,29257500,False
EMP0041,12,99,5933000,29368350,29368350,False
EMP0042,1,173,3257000,28173050,28173050,False
EMP0042,2,181,3318000,30027900,30027900,False
EMP0042,3,158,3365000,26583500,26583500,False
EMP0042,4,168,3479000,29223600,29223600,False
EMP0042,5,172,3330000,28638000,28638000,False
EMP0042,6,166,3467000,28776100,28776100,False
EMP0042,7,168,3328000,27955200,27955200,False
EMP0042,8,177,3312000,29311200,29311200,False
EMP0042,9,169,3472000,29338400,29338400,False
EMP0042,10,178,3327000,29610300,29610300,False
EMP0042,11,171,3397000,29044350,29044350,False
EMP0042,12,176,3309000,29119200,29119200,False
EMP0043,1,132,3022000,19945200,19945200,False
EMP0043,2,142,3094000,21967400,21967400,False
EMP0043,3,147,3055000,22454250,22454250,False
EMP0043,4,136,2915000,19822000,19822000,False
EMP0043,5,131,3067000,20088850,20088850,False
EMP0043,6,134,3107000,20816900,20816900,False
EMP0043,7,133,2946000,19590900,19590900,False
EMP0043,8,137,2861000,19597850,19597850,False
EMP0043,9,134,3079000,20629300,20629300,False
EMP0043,10,135,3061000,20661750,20661750,False
EMP0043,11,131,2984000,19545200,19545200,False
EMP0043,12,133,2835000,18852750,18852750,False
EMP0044,1,68,4266000,14504400,14504400,False
EMP0044,2,65,4159000,13516750,13516750,False
EMP0044,3,73,4303000,15705950,15705950,False
EMP0044,4,68,4236000,14402400,14402400,False
EMP0044,5,70,4086000,14301000,14301000,False
EMP0044,6,70,4309000,15081500,15081500,False
EMP0044,7,68,3858000,13117200,13117200,False
EMP0044,8,72,4136000,14889600,14889600,False
EMP0044,9,69,4196000,14476200,14476200,False
EMP0044,10,69,4085000,14093250,14093250,False
EMP0044,11,66,4207000,13883100,13883100,False
EMP0044,12,70,4219000,14766500,14766500,False
EMP0045,1,279,8134000,113469300,113469300,False
EMP0045,2,289,8068000,116582600,116582600,False
EMP0045,3,281,8191000,115083550,115083550,False
EMP0045,4,300,7973000,119595000,0,True
EMP0045,5,288,8130000,117072000,117072000,False
EMP0045,6,271,8011000,108549050,108549050,False
EMP0045,7,269,7942000,106819900,106819900,False
EMP0045,8,289,8283000,119689350,119689350,False
EMP0045,9,282,7682000,108316200,108316200,False
EMP0045,10,287,8338000,119650300,119650300,False
EMP0045,11,293,7766000,113771900,113771900,False
EMP0045,12,290,8545000,123902500,123902500,False
EMP0046,1,283,2613000,36973950,36973950,False
EMP0046,2,284,2769000,39319800,39319800,False
EMP0046,3,284,2809000,39887800,39887800,False
EMP0046,4,284,2903000,41222600,0,True
EMP0046,5,282,2889000,40734900,40734900,False
EMP0046,6,308,2831000,43597400,43597400,False
EMP0046,7,288,2958000,42595200,42595200,False
EMP0046,8,269,2918000,39247100,39247100,False
EMP0046,9,284,2691000,38212200,38212200,False
EMP0046,10,277,2808000,38890800,38890800,False
EMP0046,11,300,2967000,44505000,44505000,False
EMP0046,12,284,2767000,39291400,39291400,False
EMP0047,1,233,2231000,25991150,0,True
EMP0047,2,214,2315000,24770500,24770500,False
EMP0047,3,231,2366000,27327300,27327300,False
EMP0047,4,227,2204000,25015400,25015400,False
EMP0047,5,231,2274000,26264700,26264700,False
EMP0047,6,216,2174000,23479200,23479200,False
EMP0047,7,241,2359000,28425950,28425950,False
EMP0047,8,236,2331000,27505800,27505800,False
EMP0047,9,223,2341000,26102150,26102150,False
EMP0047,10,216,2309000,24937200,24937200,False
EMP0047,11,224,2344000,26252800,26252800,False
EMP0047,12,222,2327000,25829700,25829700,False
EMP0048,1,40,2147000,4294000,4294000,False
EMP0048,2,39,2087000,4069650,4069650,False
EMP0048,3,37,2084000,3855400,3855400,False
EMP0048,4,40,2099000,4198000,4198000,False
EMP0048,5,40,2087000,4174000,4174000,False
EMP0048,6,38,2184000,4149600,4149600,False
EMP0048,7,37,2111000,3905350,3905350,False
EMP0048,8,38,2129000,4045100,4045100,False
EMP0048,9,37,2133000,3946050,3946050,False
EMP0048,10,38,2168000,4119200,4119200,False
EMP0048,11,38,2124000,4035600,4035600,False
EMP0048,12,39,2098000,4091100,4091100,False
EMP0049,1,271,3939000,53373450,53373450,False
EMP0049,2,263,4160000,54704000,54704000,False
EMP0049,3,259,3795000,49145250,49145250,False
EMP0049,4,285,3954000,56344500,56344500,False
EMP0049,5,274,4031000,55224700,55224700,False
EMP0049,6,279,3936000,54907200,54907200,False
EMP0049,7,264,3996000,52747200,52747200,False
EMP0049,8,270,4023000,54310500,54310500,False
EMP0049,9,265,4164000,55173000,55173000,False
EMP0049,10,264,4042000,53354400,53354400,False
EMP0049,11,261,4097000,53465850,53465850,False
EMP0049,12,279,3946000,55046700,55046700,False
EMP0050,1,65,2784000,9048000,9048000,False
EMP0050,2,64,2711000,8675200,8675200,False
EMP0050,3,70,2783000,9740500,9740500,False
EMP0050,4,67,2794000,9359900,9359900,False
EMP0050,5,68,2755000,9367000,9367000,False
EMP0050,6,66,2676000,8830800,8830800,False
EMP0050,7,67,2740000,9179000,9179000,False
EMP0050,8,64,2778000,8889600,8889600,False
EMP0050,9,67,2720000,9112000,9112000,False
EMP0050,10,71,2642000,9379100,9379100,False
EMP0050,11,65,2681000,8713250,8713250,False
EMP0050,12,69,2871000,9904950,9904950,False
EMP0051,1,17,9772000,8306200,8306200,False
EMP0051,2,18,10231000,9207900,9207900,False
EMP0051,3,17,10377000,8820450,8820450,False
EMP0051,4,18,9452000,8506800,8506800,False
EMP0051,5,18,9931000,8937900,8937900,False
EMP0051,6,17,9770000,8304500,0,True
EMP0051,7,17,10199000,8669150,8669150,False
EMP0051,8,17,10046000,8539100,8539100,False
EMP0051,9,18,9755000,8779500,8779500,False
EMP0051,10,18,9923000,8930700,8930700,False
EMP0051,11,18,9667000,8700300,8700300,False
EMP0051,12,18,10159000,9143100,9143100,False
EMP0052,1,136,2813000,19128400,19128400,False
EMP0052,2,143,2948000,21078200,21078200,False
EMP0052,3,130,3074000,19981000,19981000,False
EMP0052,4,134,2903000,19450100,19450100,False
EMP0052,5,143,2893000,20684950,20684950,False
EMP0052,6,137,3054000,20919900,20919900,False
EMP0052,7,141,2991000,21086550,21086550,False
EMP0052,8,138,2907000,20058300,20058300,False
EMP0052,9,133,2928000,19471200,19471200,False
EMP0052,10,139,2889000,20078550,20078550,False
EMP0052,11,136,2788000,18958400,18958400,False
EMP0052,12,132,2774000,18308400,18308400,False
EMP0053,1,87,5345000,23250750,23250750,False
EMP0053,2,91,5493000,24993150,24993150,False
EMP0053,3,84,5682000,23864400,23864400,False
EMP0053,4,87,5691000,24755850,24755850,False
EMP0053,5,83,5713000,23708950,23708950,False
EMP0053,6,87,6109000,26574150,26574150,False
EMP0053,7,88,5654000,24877600,24877600,False
EMP0053,8,82,5883000,24120300,24120300,False
EMP0053,9,84,5641000,23692200,23692200,False
EMP0053,10,82,5660000,23206000,23206000,False
EMP0053,11,84,5538000,23259600,23259600,False
EMP0053,12,85,5639000,23965750,23965750,False
EMP0054,1,98,2602000,12749800,12749800,False
EMP0054,2,96,2490000,11952000,11952000,False
EMP0054,3,99,2584000,12790800,12790800,False
EMP0054,4,97,2554000,12386900,12386900,False
EMP0054,5,99,2620000,12969000,12969000,False
EMP0054,6,100,2568000,12840000,12840000,False
EMP0054,7,97,2569000,12459650,12459650,False
EMP0054,8,98,2769000,13568100,13568100,False
EMP0054,9,96,2516000,12076800,12076800,False
EMP0054,10,101,2499000,12619950,12619950,False
EMP0054,11,92,2492000,11463200,11463200,False
EMP0054,12,98,2765000,13548500,13548500,False
EMP0055,1,131,2840000,18602000,18602000,False
EMP0055,2,131,2715000,17783250,17783250,False
EMP0055,3,133,2689000,17881850,17881850,False
EMP0055,4,133,2623000,17442950,17442950,False
EMP0055,5,127,2693000,17100550,17100550,False
EMP0055,6,135,2780000,18765000,18765000,False
EMP0055,7,139,2809000,19522550,19522550,False
EMP0055,8,138,2794000,19278600,19278600,False
EMP0055,9,128,2766000,17702400,17702400,False
EMP0055,10,139,2651000,18424450,18424450,False
EMP0055,11,136,2724000,18523200,18523200,False
EMP0055,12,136,2574000,17503200,17503200,False
EMP0056,1,174,2056000,17887200,0,True
EMP0056,2,192,2046000,19641600,19641600,False
EMP0056,3,190,2053000,19503500,19503500,False
EMP0056,4,172,2067000,17776200,17776200,False
EMP0056,5,175,2132000,18655000,18655000,False
EMP0056,6,179,2029000,18159550,18159550,False
EMP0056,7,183,2142000,19599300,19599300,False
EMP0056,8,176,2088000,18374400,18374400,False
EMP0056,9,183,2095000,19169250,19169250,False
EMP0056,10,178,2062000,18351800,18351800,False
EMP0056,11,179,2030000,18168500,18168500,False
EMP0056,12,182,2179000,19828900,19828900,False
EMP0057,1,99,5866000,29036700,29036700,False
EMP0057,2,99,6052000,29957400,29957400,False
EMP0057,3,100,5706000,28530000,28530000,False
EMP0057,4,106,5872000,31121600,31121600,False
EMP0057,5,104,5952000,30950400,30950400,False
EMP0057,6,99,5847000,28942650,28942650,False
EMP0057,7,95,5887000,27963250,27963250,False
EMP0057,8,105,5918000,31069500,31069500,False
EMP0057,9,99,6383000,31595850,31595850,False
EMP0057,10,97,6006000,29129100,29129100,False
EMP0057,11,95,5842000,27749500,27749500,False
EMP0057,12,94,5701000,26794700,26794700,False
EMP0058,1,60,6403000,19209000,19209000,False
EMP0058,2,66,5937000,19592100,19592100,False
EMP0058,3,63,6585000,20742750,20742750,False
EMP0058,4,63,6269000,19747350,19747350,False
EMP0058,5,61,6033000,18400650,18400650,False
EMP0058,6,63,6050000,19057500,19057500,False
EMP0058,7,60,6323000,18969000,18969000,False
EMP0058,8,65,6328000,20566000,20566000,False
EMP0058,9,61,6276000,19141800,19141800,False
EMP0058,10,61,6215000,18955750,18955750,False
EMP0058,11,60,5995000,17985000,17985000,False
EMP0058,12,60,6386000,19158000,19158000,False
EMP0059,1,89,5775000,25698750,25698750,False
EMP0059,2,93,5465000,25412250,0,True
EMP0059,3,87,6132000,26674200,26674200,False
EMP0059,4,88,5546000,24402400,24402400,False
EMP0059,5,95,6128000,29108000,29108000,False
EMP0059,6,87,5344000,23246400,23246400,False
EMP0059,7,90,5611000,25249500,25249500,False
EMP0059,8,92,5775000,26565000,26565000,False
EMP0059,9,88,5833000,25665200,25665200,False
EMP0059,10,93,5854000,27221100,27221100,False
EMP0059,11,87,5594000,24333900,24333900,False
EMP0059,12,93,5780000,26877000,26877000,False
EMP0060,1,348,7067000,122965800,122965800,False
EMP0060,2,351,6993000,122727150,122727150,False
EMP0060,3,327,7116000,116346600,116346600,False
EMP0060,4,335,7243000,121320250,121320250,False
EMP0060,5,335,6960000,116580000,116580000,False
EMP0060,6,360,6955000,125190000,125190000,False
EMP0060,7,336,6549000,110023200,110023200,False
EMP0060,8,346,6837000,118280100,118280100,False
EMP0060,9,349,7250000,126512500,126512500,False
EMP0060,10,331,6919000,114509450,114509450,False
EMP0060,11,325,6750000,109687500,109687500,False
EMP0060,12,325,6641000,107916250,107916250,False
EMP0061,1,163,6402000,52176300,52176300,False
EMP0061,2,165,6487000,53517750,53517750,False
EMP0061,3,169,6297000,53209650,53209650,False
EMP0061,4,160,6192000,49536000,49536000,False
EMP0061,5,161,6429000,51753450,51753450,False
EMP0061,6,162,6400000,51840000,51840000,False
EMP0061,7,165,6214000,51265500,51265500,False
EMP0061,8,163,6538000,53284700,53284700,False
EMP0061,9,163,6107000,49772050,49772050,False
EMP0061,10,172,6398000,55022800,55022800,False
EMP0061,11,174,6287000,54696900,54696900,False
EMP0061,12,169,6186000,52271700,52271700,False
EMP0062,1,27,3167000,4275450,4275450,False
EMP0062,2,27,3147000,4248450,4248450,False
EMP0062,3,27,3005000,4056750,4056750,False
EMP0062,4,27,2877000,3883950,3883950,False
EMP0062,5,26,2914000,3788200,3788200,False
EMP0062,6,27,2989000,4035150,4035150,False
EMP0062,7,26,2961000,3849300,3849300,False
EMP0062,8,27,2937000,3964950,3964950,False
EMP0062,9,28,3003000,4204200,4204200,False
EMP0062,10,27,3014000,4068900,0,True
EMP0062,11,27,2869000,3873150,3873150,False
EMP0062,12,27,2989000,4035150,4035150,False
EMP0063,1,224,2300000,25760000,25760000,False
EMP0063,2,214,2348000,25123600,25123600,False
EMP0063,3,224,2358000,26409600,26409600,False
EMP0063,4,217,2325000,25226250,25226250,False
EMP0063,5,213,2263000,24100950,24100950,False
EMP0063,6,221,2249000,24851450,24851450,False
EMP0063,7,217,2150000,23327500,0,True
EMP0063,8,217,2296000,24911600,24911600,False
EMP0063,9,209,2249000,23502050,23502050,False
EMP0063,10,214,2279000,24385300,24385300,False
EMP0063,11,226,2368000,26758400,26758400,False
EMP0063,12,215,2380000,25585000,25585000,False
EMP0064,1,59,5446000,16065700,16065700,False
EMP0064,2,60,5200000,15600000,15600000,False
EMP0064,3,61,5037000,15362850,15362850,False
EMP0064,4,61,5395000,16454750,16454750,False
EMP0064,5,61,5352000,16323600,16323600,False
EMP0064,6,63,5267000,16591050,16591050,False
EMP0064,7,55,5531000,15210250,15210250,False
EMP0064,8,60,5415000,16245000,16245000,False
EMP0064,9,58,5413000,15697700,15697700,False
EMP0064,10,58,5507000,15970300,15970300,False
EMP0064,11,58,5205000,15094500,15094500,False
EMP0064,12,61,5162000,15744100,15744100,False
EMP0065,1,273,2989000,40799850,40799850,False
EMP0065,2,256,3115000,39872000,39872000,False
EMP0065,3,267,3012000,40210200,40210200,False
EMP0065,4,259,3150000,40792500,40792500,False
EMP0065,5,256,3048000,39014400,39014400,False
EMP0065,6,294,3046000,44776200,44776200,False
EMP0065,7,277,2843000,39375550,39375550,False
EMP0065,8,281,3007000,42248350,42248350,False
EMP0065,9,261,3157000,41198850,41198850,False
EMP0065,10,257,2953000,37946050,37946050,False
EMP0065,11,268,3146000,42156400,42156400,False
EMP0065,12,268,2892000,38752800,38752800,False
EMP0066,1,12,11818000,7090800,7090800,False
EMP0066,2,12,11681000,7008600,7008600,False
EMP0066,3,13,11923000,7749950,7749950,False
EMP0066,4,12,11343000,6805800,6805800,False
EMP0066,5,12,11830000,7098000,7098000,False
EMP0066,6,12,12130000,7278000,0,True
EMP0066,7,12,12527000,7516200,7516200,False
EMP0066,8,12,11851000,7110600,7110600,False
EMP0066,9,12,12446000,7467600,7467600,False
EMP0066,10,13,11913000,7743450,7743450,False
EMP0066,11,13,11422000,7424300,7424300,False
EMP0066,12,12,11008000,6604800,6604800,False
EMP0067,1,65,4073000,13237250,13237250,False
EMP0067,2,64,3827000,12246400,12246400,False
EMP0067,3,67,3786000,12683100,12683100,False
EMP0067,4,65,3891000,12645750,12645750,False
EMP0067,5,64,3987000,12758400,12758400,False
EMP0067,6,65,4027000,13087750,13087750,False
EMP0067,7,68,3889000,13222600,13222600,False
EMP0067,8,62,3745000,11609500,11609500,False
EMP0067,9,65,4054000,13175500,13175500,False
EMP0067,10,66,3962000,13074600,13074600,False
EMP0067,11,62,3990000,12369000,12369000,False
EMP0067,12,66,3850000,12705000,0,True
EMP0068,1,78,3063000,11945700,11945700,False
EMP0068,2,76,3163000,12019400,12019400,False
EMP0068,3,78,3189000,12437100,12437100,False
EMP0068,4,81,3117000,12623850,12623850,False
EMP0068,5,79,2970000,11731500,11731500,False
EMP0068,6,80,2980000,11920000,11920000,False
EMP0068,7,82,3108000,12742800,12742800,False
EMP0068,8,81,3099000,12550950,12550950,False
EMP0068,9,76,3098000,11772400,11772400,False
EMP0068,10,79,3251000,12841450,12841450,False
EMP0068,11,75,3041000,11403750,11403750,False
EMP0068,12,82,3179000,13033900,13033900,False
EMP0069,1,40,2316000,4632000,4632000,False
EMP0069,2,37,2443000,4519550,4519550,False
EMP0069,3,40,2508000,5016000,5016000,False
EMP0069,4,40,2376000,4752000,4752000,False
EMP0069,5,40,2271000,4542000,4542000,False
EMP0069,6,42,2391000,5021100,5021100,False
EMP0069,7,40,2338000,4676000,4676000,False
EMP0069,8,40,2353000,4706000,4706000,False
EMP0069,9,40,2342000,4684000,4684000,False
EMP0069,10,41,2404000,4928200,4928200,False
EMP0069,11,41,2213000,4536650,4536650,False
EMP0069,12,41,2389000,4897450,0,True
EMP0070,1,115,2424000,13938000,13938000,False
EMP0070,2,124,2411000,14948200,14948200,False
EMP0070,3,108,2473000,13354200,13354200,False
EMP0070,4,112,2543000,14240800,14240800,False
EMP0070,5,115,2332000,13409000,13409000,False
EMP0070,6,109,2579000,14055550,14055550,False
EMP0070,7,115,2400000,13800000,13800000,False
EMP0070,8,111,2467000,13691850,13691850,False
EMP0070,9,106,2548000,13504400,13504400,False
EMP0070,10,111,2422000,13442100,0,True
EMP0070,11,110,2295000,12622500,12622500,False
EMP0070,12,115,2449000,14081750,14081750,False
EMP0071,1,65,5747000,18677750,18677750,False
EMP0071,2,66,5801000,19143300,19143300,False
EMP0071,3,68,5941000,20199400,20199400,False
EMP0071,4,66,5492000,18123600,18123600,False
EMP0071,5,68,5849000,19886600,19886600,False
EMP0071,6,69,5604000,19333800,19333800,False
EMP0071,7,65,6196000,20137000,20137000,False
EMP0071,8,62,5611000,17394100,17394100,False
EMP0071,9,66,5645000,18628500,18628500,False
EMP0071,10,68,5965000,20281000,20281000,False
EMP0071,11,69,5813000,20054850,20054850,False
EMP0071,12,68,5591000,19009400,19009400,False
EMP0072,1,47,2730000,6415500,6415500,False
EMP0072,2,49,2816000,6899200,6899200,False
EMP0072,3,47,2701000,6347350,6347350,False
EMP0072,4,48,2751000,6602400,6602400,False
EMP0072,5,49,2920000,7154000,7154000,False
EMP0072,6,49,2805000,6872250,6872250,False
EMP0072,7,51,2798000,7134900,7134900,False
EMP0072,8,48,2796000,6710400,6710400,False
EMP0072,9,51,2837000,7234350,7234350,False
EMP0072,10,51,2910000,7420500,7420500,False
EMP0072,11,47,2750000,6462500,6462500,False
EMP0072,12,50,2825000,7062500,7062500,False
EMP0073,1,94,6077000,28561900,28561900,False
EMP0073,2,95,6772000,32167000,32167000,False
EMP0073,3,93,6560000,30504000,30504000,False
EMP0073,4,92,6465000,29739000,29739000,False
EMP0073,5,94,6201000,29144700,29144700,False
EMP0073,6,91,6483000,29497650,0,True
EMP0073,7,98,6401000,31364900,31364900,False
EMP0073,8,94,6138000,28848600,0,True
EMP0073,9,96,6882000,33033600,33033600,False
EMP0073,10,94,6288000,29553600,29553600,False
EMP0073,11,95,6390000,30352500,30352500,False
EMP0073,12,93,6592000,30652800,30652800,False
EMP0074,1,57,3587000,10222950,10222950,False
EMP0074,2,52,3886000,10103600,10103600,False
EMP0074,3,52,3740000,9724000,9724000,False
EMP0074,4,53,3768000,9985200,9985200,False
EMP0074,5,54,3676000,9925200,9925200,False
EMP0074,6,54,3688000,9957600,9957600,False
EMP0074,7,56,3561000,9970800,9970800,False
EMP0074,8,53,3883000,10289950,10289950,False
EMP0074,9,52,3570000,9282000,9282000,False
EMP0074,10,51,3626000,9246300,9246300,False
EMP0074,11,54,3624000,9784800,9784800,False
EMP0074,12,55,3531000,9710250,9710250,False
EMP0075,1,98,5532000,27106800,27106800,False
EMP0075,2,98,5658000,27724200,27724200,False
EMP0075,3,99,5575000,27596250,27596250,False
EMP0075,4,99,5839000,28903050,28903050,False
EMP0075,5,95,5408000,25688000,25688000,False
EMP0075,6,98,5523000,27062700,27062700,False
EMP0075,7,95,5715000,27146250,27146250,False
EMP0075,8,92,5662000,26045200,26045200,False
EMP0075,9,94,5945000,27941500,27941500,False
EMP0075,10,97,6006000,29129100,29129100,False
EMP0075,11,96,5764000,27667200,27667200,False
EMP0075,12,97,5515000,26747750,26747750,False
EMP0076,1,69,3004000,10363800,10363800,False
EMP0076,2,73,2839000,10362350,10362350,False
EMP0076,3,73,3018000,11015700,11015700,False
EMP0076,4,72,3031000,10911600,10911600,False
EMP0076,5,77,3252000,12520200,12520200,False
EMP0076,6,74,3172000,11736400,11736400,False
EMP0076,7,75,3027000,11351250,11351250,False
EMP0076,8,73,3145000,11479250,11479250,False
EMP0076,9,66,3114000,10276200,10276200,False
EMP0076,10,74,3087000,11421900,11421900,False
EMP0076,11,74,3139000,11614300,11614300,False
EMP0076,12,74,3011000,11140700,11140700,False
EMP0077,1,83,2631000,10918650,10918650,False
EMP0077,2,87,2547000,11079450,11079450,False
EMP0077,3,85,2685000,11411250,11411250,False
EMP0077,4,83,2635000,10935250,10935250,False
EMP0077,5,85,2548000,10829000,10829000,False
EMP0077,6,85,2628000,11169000,11169000,False
EMP0077,7,83,2595000,10769250,10769250,False
EMP0077,8,89,2627000,11690150,11690150,False
EMP0077,9,84,2613000,10974600,10974600,False
EMP0077,10,85,2489000,10578250,10578250,False
EMP0077,11,81,2537000,10274850,10274850,False
EMP0077,12,89,2538000,11294100,11294100,False
EMP0078,1,98,1531000,7501900,7501900,False
EMP0078,2,109,1526000,8316700,8316700,False
EMP0078,3,107,1621000,8672350,8672350,False
EMP0078,4,109,1554000,8469300,8469300,False
EMP0078,5,105,1530000,8032500,8032500,False
EMP0078,6,102,1536000,7833600,7833600,False
EMP0078,7,108,1522000,8218800,8218800,False
EMP0078,8,104,1557000,8096400,8096400,False
EMP0078,9,112,1550000,8680000,8680000,False
EMP0078,10,107,1578000,8442300,8442300,False
EMP0078,11,107,1543000,8255050,8255050,False
EMP0078,12,107,1534000,8206900,8206900,False
EMP0079,1,123,3496000,21500400,21500400,False
EMP0079,2,122,3439000,20977900,20977900,False
EMP0079,3,116,3467000,20108600,20108600,False
EMP0079,4,119,3771000,22437450,22437450,False
EMP0079,5,127,3589000,22790150,22790150,False
EMP0079,6,119,3234000,19242300,19242300,False
EMP0079,7,124,3521000,21830200,21830200,False
EMP0079,8,127,3545000,22510750,22510750,False
EMP0079,9,119,3389000,20164550,20164550,False
EMP0079,10,122,3439000,20977900,20977900,False
EMP0079,11,120,3430000,20580000,20580000,False
EMP0079,12,116,3484000,20207200,20207200,False
EMP0080,1,76,3962000,15055600,15055600,False
EMP0080,2,76,4141000,15735800,0,True
EMP0080,3,78,4054000,15810600,15810600,False
EMP0080,4,74,3831000,14174700,14174700,False
EMP0080,5,77,4124000,15877400,15877400,False
EMP0080,6,75,3954000,14827500,14827500,False
EMP0080,7,76,3984000,15139200,15139200,False
EMP0080,8,73,3982000,14534300,14534300,False
EMP0080,9,77,4009000,15434650,15434650,False
EMP0080,10,76,3716000,14120800,14120800,False
EMP0080,11,75,4009000,15033750,15033750,False
EMP0080,12,78,4014000,15654600,15654600,False
EMP0081,1,67,3353000,11232550,11232550,False
EMP0081,2,62,3344000,10366400,10366400,False
EMP0081,3,65,3475000,11293750,11293750,False
EMP0081,4,67,3356000,11242600,11242600,False
EMP0081,5,67,3375000,11306250,11306250,False
EMP0081,6,68,3460000,11764000,11764000,False
EMP0081,7,65,3205000,10416250,10416250,False
EMP0081,8,68,3435000,11679000,11679000,False
EMP0081,9,71,3321000,11789550,11789550,False
EMP0081,10,69,3283000,11326350,11326350,False
EMP0081,11,67,3674000,12307900,12307900,False
EMP0081,12,71,3506000,12446300,12446300,False
EMP0082,1,55,5076000,13959000,13959000,False
EMP0082,2,53,4796000,12709400,12709400,False
EMP0082,3,57,4948000,14101800,14101800,False
EMP0082,4,55,4835000,13296250,13296250,False
EMP0082,5,57,5022000,14312700,14312700,False
EMP0082,6,58,4855000,14079500,14079500,False
EMP0082,7,55,4847000,13329250,13329250,False
EMP0082,8,58,4597000,13331300,13331300,False
EMP0082,9,59,4831000,14251450,14251450,False
EMP0082,10,56,4896000,13708800,13708800,False
EMP0082,11,58,4781000,13864900,13864900,False
EMP0082,12,57,4923000,14030550,14030550,False
EMP0083,1,178,3097000,27563300,27563300,False
EMP0083,2,183,2913000,26653950,26653950,False
EMP0083,3,184,2917000,26836400,26836400,False
EMP0083,4,187,2707000,25310450,25310450,False
EMP0083,5,185,2971000,27481750,27481750,False
EMP0083,6,183,2858000,26150700,26150700,False
EMP0083,7,182,2987000,27181700,27181700,False
EMP0083,8,183,2897000,26507550,26507550,False
EMP0083,9,175,2800000,24500000,24500000,False
EMP0083,10,180,2846000,25614000,25614000,False
EMP0083,11,182,2738000,24915800,24915800,False
EMP0083,12,193,2955000,28515750,28515750,False
EMP0084,1,138,3625000,25012500,25012500,False
EMP0084,2,147,3701000,27202350,27202350,False
EMP0084,3,143,3594000,25697100,25697100,False
EMP0084,4,152,3432000,26083200,26083200,False
EMP0084,5,148,3465000,25641000,25641000,False
EMP0084,6,141,3605000,25415250,25415250,False
EMP0084,7,146,3705000,27046500,27046500,False
EMP0084,8,139,3640000,25298000,25298000,False
EMP0084,9,141,3873000,27304650,0,True
EMP0084,10,138,3651000,25191900,25191900,False
EMP0084,11,138,3513000,24239700,24239700,False
EMP0084,12,147,3695000,27158250,27158250,False
EMP0085,1,128,4674000,29913600,29913600,False
EMP0085,2,128,4714000,30169600,30169600,False
EMP0085,3,133,4739000,31514350,31514350,False
EMP0085,4,129,4553000,29366850,29366850,False
EMP0085,5,123,4641000,28542150,28542150,False
EMP0085,6,129,4944000,31888800,31888800,False
EMP0085,7,125,4465000,27906250,27906250,False
EMP0085,8,127,4790000,30416500,30416500,False
EMP0085,9,132,4876000,32181600,32181600,False
EMP0085,10,124,4750000,29450000,29450000,False
EMP0085,11,129,4815000,31056750,31056750,False
EMP0085,12,131,4778000,31295900,31295900,False
EMP0086,1,22,12045000,13249500,13249500,False
EMP0086,2,22,11689000,12857900,12857900,False
EMP0086,3,23,12602000,14492300,14492300,False
EMP0086,4,23,12552000,14434800,14434800,False
EMP0086,5,21,12797000,13436850,13436850,False
EMP0086,6,22,11924000,13116400,13116400,False
EMP0086,7,21,12422000,13043100,13043100,False
EMP0086,8,22,11978000,13175800,13175800,False
EMP0086,9,21,12109000,12714450,12714450,False
EMP0086,10,23,12296000,14140400,14140400,False
EMP0086,11,22,12578000,13835800,13835800,False
EMP0086,12,22,11505000,12655500,12655500,False
EMP0087,1,79,4692000,18533400,18533400,False
EMP0087,2,83,4695000,19484250,19484250,False
EMP0087,3,83,4511000,18720650,18720650,False
EMP0087,4,83,4445000,18446750,18446750,False
EMP0087,5,85,4579000,19460750,19460750,False
EMP0087,6,87,4211000,18317850,18317850,False
EMP0087,7,83,4626000,19197900,19197900,False
EMP0087,8,87,4502000,19583700,19583700,False
EMP0087,9,85,4358000,18521500,18521500,False
EMP0087,10,81,4665000,18893250,18893250,False
EMP0087,11,85,4533000,19265250,19265250,False
EMP0087,12,80,4595000,18380000,18380000,False
EMP0088,1,152,6048000,45964800,45964800,False
EMP0088,2,147,5949000,43725150,43725150,False
EMP0088,3,145,5985000,43391250,43391250,False
EMP0088,4,148,5823000,43090200,43090200,False
EMP0088,5,149,5963000,44424350,44424350,False
EMP0088,6,151,5881000,44401550,44401550,False
EMP0088,7,155,6174000,47848500,47848500,False
EMP0088,8,142,6018000,42727800,42727800,False
EMP0088,9,151,5970000,45073500,45073500,False
EMP0088,10,145,5922000,42934500,42934500,False
EMP0088,11,134,6089000,40796300,40796300,False
EMP0088,12,151,5770000,43563500,43563500,False
EMP0089,1,440,2352000,51744000,51744000,False
EMP0089,2,451,2224000,50151200,50151200,False
EMP0089,3,425,2279000,48428750,48428750,False
EMP0089,4,446,2150000,47945000,47945000,False
EMP0089,5,460,2344000,53912000,53912000,False
EMP0089,6,441,2352000,51861600,51861600,False
EMP0089,7,443,2358000,52229700,52229700,False
EMP0089,8,441,2278000,50229900,50229900,False
EMP0089,9,435,2284000,49677000,0,True
EMP0089,10,426,2337000,49778100,49778100,False
EMP0089,11,437,2258000,49337300,49337300,False
EMP0089,12,411,2343000,48148650,48148650,False
EMP0090,1,7,2258000,790300,790300,False
EMP0090,2,8,2138000,855200,855200,False
EMP0090,3,7,2190000,766500,766500,False
EMP0090,4,7,2094000,732900,0,True
EMP0090,5,7,2181000,763350,763350,False
EMP0090,6,7,2088000,730800,730800,False
EMP0090,7,8,2155000,862000,862000,False
EMP0090,8,7,2135000,747250,747250,False
EMP0090,9,7,2204000,771400,771400,False
EMP0090,10,7,2069000,724150,724150,False
EMP0090,11,8,2202000,880800,880800,False
EMP0090,12,7,2083000,729050,729050,False
EMP0091,1,296,3314000,49047200,49047200,False
EMP0091,2,290,3411000,49459500,49459500,False
EMP0091,3,295,3411000,50312250,50312250,False
EMP0091,4,284,3397000,48237400,48237400,False
EMP0091,5,278,3300000,45870000,45870000,False
EMP0091,6,286,3478000,49735400,49735400,False
EMP0091,7,302,3358000,50705800,50705800,False
EMP0091,8,282,3333000,46995300,46995300,False
EMP0091,9,278,3279000,45578100,45578100,False
EMP0091,10,294,3378000,49656600,49656600,False
EMP0091,11,294,3314000,48715800,48715800,False
EMP0091,12,286,3439000,49177700,49177700,False
EMP0092,1,49,3259000,7984550,7984550,False
EMP0092,2,52,3251000,8452600,8452600,False
EMP0092,3,52,3325000,8645000,8645000,False
EMP0092,4,49,3308000,8104600,8104600,False
EMP0092,5,46,3254000,7484200,7484200,False
EMP0092,6,52,3277000,8520200,8520200,False
EMP0092,7,49,3071000,7523950,7523950,False
EMP0092,8,51,3481000,8876550,8876550,False
EMP0092,9,50,3216000,8040000,8040000,False
EMP0092,10,52,3240000,8424000,8424000,False
EMP0092,11,52,3086000,8023600,8023600,False
EMP0092,12,49,3251000,7964950,7964950,False
EMP0093,1,63,5028000,15838200,15838200,False
EMP0093,2,65,5010000,16282500,16282500,False
EMP0093,3,65,5072000,16484000,16484000,False
EMP0093,4,66,5211000,17196300,17196300,False
EMP0093,5,65,4812000,15639000,15639000,False
EMP0093,6,65,5032000,16354000,16354000,False
EMP0093,7,63,4809000,15148350,15148350,False
EMP0093,8,65,4766000,15489500,15489500,False
EMP0093,9,64,4787000,15318400,15318400,False
EMP0093,10,66,4908000,16196400,16196400,False
EMP0093,11,66,4883000,16113900,16113900,False
EMP0093,12,67,5129000,17182150,17182150,False
EMP0094,1,102,3807000,19415700,19415700,False
EMP0094,2,99,3768000,18651600,18651600,False
EMP0094,3,99,3727000,18448650,18448650,False
EMP0094,4,93,3701000,17209650,17209650,False
EMP0094,5,96,3735000,17928000,17928000,False
EMP0094,6,99,3679000,18211050,18211050,False
EMP0094,7,101,3684000,18604200,18604200,False
EMP0094,8,101,3881000,19599050,19599050,False
EMP0094,9,108,3881000,20957400,20957400,False
EMP0094,10,95,3751000,17817250,17817250,False
EMP0094,11,104,3929000,20430800,20430800,False
EMP0094,12,94,3817000,17939900,17939900,False
EMP0095,1,49,5217000,12781650,12781650,False
EMP0095,2,49,4931000,12080950,12080950,False
EMP0095,3,46,4776000,10984800,10984800,False
EMP0095,4,47,5212000,12248200,12248200,False
EMP0095,5,47,5170000,12149500,12149500,False
EMP0095,6,45,5099000,11472750,11472750,False
EMP0095,7,47,5380000,12643000,12643000,False
EMP0095,8,48,4929000,11829600,11829600,False
EMP0095,9,48,5137000,12328800,12328800,False
EMP0095,10,47,5221000,12269350,12269350,False
EMP0095,11,49,4944000,12112800,12112800,False
EMP0095,12,52,5095000,13247000,13247000,False
EMP0096,1,5,2638000,659500,659500,False
EMP0096,2,5,2686000,671500,671500,False
EMP0096,3,5,2753000,688250,688250,False
EMP0096,4,5,2716000,679000,679000,False
EMP0096,5,5,2520000,630000,630000,False
EMP0096,6,5,2603000,650750,650750,False
EMP0096,7,5,2714000,678500,678500,False
EMP0096,8,5,2662000,665500,665500,False
EMP0096,9,5,2536000,634000,0,True
EMP0096,10,5,2771000,692750,692750,False
EMP0096,11,5,2651000,662750,662750,False
EMP0096,12,5,2630000,657500,657500,False
EMP0097,1,28,3973000,5562200,5562200,False
EMP0097,2,28,3887000,5441800,5441800,False
EMP0097,3,27,3620000,4887000,4887000,False
EMP0097,4,27,3721000,5023350,5023350,False
EMP0097,5,28,3861000,5405400,5405400,False
EMP0097,6,28,3985000,5579000,5579000,False
EMP0097,7,27,3864000,5216400,5216400,False
EMP0097,8,26,3858000,5015400,5015400,False
EMP0097,9,27,3804000,5135400,5135400,False
EMP0097,10,29,3825000,5546250,5546250,False
EMP0097,11,29,3798000,5507100,5507100,False
EMP0097,12,27,4080000,5508000,5508000,False
EMP0098,1,229,2848000,32609600,32609600,False
EMP0098,2,234,2814000,32923800,32923800,False
EMP0098,3,242,2949000,35682900,35682900,False
EMP0098,4,229,2875000,32918750,32918750,False
EMP0098,5,243,2731000,33181650,33181650,False
EMP0098,6,227,2818000,31984300,31984300,False
EMP0098,7,223,2699000,30093850,30093850,False
EMP0098,8,236,2896000,34172800,34172800,False
EMP0098,9,243,2686000,32634900,32634900,False
EMP0098,10,232,2906000,33709600,33709600,False
EMP0098,11,234,2862000,33485400,33485400,False
EMP0098,12,222,2844000,31568400,31568400,False
EMP0099,1,84,2263000,9504600,9504600,False
EMP0099,2,84,2186000,9181200,9181200,False
EMP0099,3,83,2282000,9470300,9470300,False
EMP0099,4,83,2217000,9200550,9200550,False
EMP0099,5,81,2350000,9517500,9517500,False
EMP0099,6,79,2307000,9112650,9112650,False
EMP0099,7,87,2195000,9548250,9548250,False
EMP0099,8,78,2371000,9246900,9246900,False
EMP0099,9,79,2259000,8923050,8923050,False
EMP0099,10,82,2334000,9569400,9569400,False
EMP0099,11,78,2351000,9168900,9168900,False
EMP0099,12,84,2251000,9454200,9454200,False
EMP0100,1,71,1924000,6830200,6830200,False
EMP0100,2,74,1858000,6874600,6874600,False
EMP0100,3,72,1791000,6447600,6447600,False
EMP0100,4,72,2013000,7246800,7246800,False
EMP0100,5,70,1855000,6492500,6492500,False
EMP0100,6,68,1979000,6728600,6728600,False
EMP0100,7,74,1970000,7289000,7289000,False
EMP0100,8,70,1902000,6657000,6657000,False
EMP0100,9,70,1962000,6867000,6867000,False
EMP0100,10,69,1991000,6868950,6868950,False
EMP0100,11,68,1994000,6779600,6779600,False
EMP0100,12,71,2054000,7291700,7291700,False
EMP0101,1,185,3456000,31968000,31968000,False
EMP0101,2,188,3308000,31095200,0,True
EMP0101,3,186,3646000,33907800,33907800,False
EMP0101,4,185,3625000,33531250,33531250,False
EMP0101,5,184,3509000,32282800,32282800,False
EMP0101,6,181,3482000,31512100,31512100,False
EMP0101,7,183,3506000,32079900,32079900,False
EMP0101,8,192,3608000,34636800,34636800,False
EMP0101,9,191,3396000,32431800,32431800,False
EMP0101,10,187,3518000,32893300,32893300,False
EMP0101,11,202,3649000,36854900,36854900,False
EMP0101,12,196,3631000,35583800,35583800,False
EMP0102,1,36,2576000,4636800,0,True
EMP0102,2,37,2537000,4693450,4693450,False
EMP0102,3,38,2537000,4820300,4820300,False
EMP0102,4,38,2449000,4653100,4653100,False
EMP0102,5,35,2585000,4523750,4523750,False
EMP0102,6,38,2570000,4883000,4883000,False
EMP0102,7,36,2535000,4563000,4563000,False
EMP0102,8,39,2619000,5107050,5107050,False
EMP0102,9,36,2597000,4674600,0,True
EMP0102,10,38,2490000,4731000,4731000,False
EMP0102,11,38,2560000,4864000,4864000,False
EMP0102,12,37,2434000,4502900,4502900,False
EMP0103,1,95,5340000,25365000,25365000,False
EMP0103,2,95,5805000,27573750,27573750,False
EMP0103,3,93,5605000,26063250,26063250,False
EMP0103,4,92,5298000,24370800,24370800,False
EMP0103,5,97,5556000,26946600,26946600,False
EMP0103,6,92,5423000,24945800,24945800,False
EMP0103,7,95,5656000,26866000,26866000,False
EMP0103,8,90,5475000,24637500,24637500,False
EMP0103,9,92,5707000,26252200,26252200,False
EMP0103,10,90,5582000,25119000,25119000,False
EMP0103,11,96,5639000,27067200,27067200,False
EMP0103,12,94,5538000,26028600,26028600,False
EMP0104,1,376,1784000,33539200,33539200,False
EMP0104,2,362,1662000,30082200,30082200,False
EMP0104,3,356,1678000,29868400,29868400,False
EMP0104,4,363,1748000,31726200,31726200,False
EMP0104,5,351,1793000,31467150,31467150,False
EMP0104,6,354,1661000,29399700,29399700,False
EMP0104,7,358,1710000,30609000,30609000,False
EMP0104,8,360,1726000,31068000,31068000,False
EMP0104,9,353,1774000,31311100,31311100,False
EMP0104,10,310,1727000,26768500,26768500,False
EMP0104,11,336,1799000,30223200,30223200,False
EMP0104,12,368,1669000,30709600,30709600,False
EMP0105,1,99,4455000,22052250,22052250,False
EMP0105,2,92,4469000,20557400,20557400,False
EMP0105,3,102,4105000,20935500,20935500,False
EMP0105,4,96,4159000,19963200,19963200,False
EMP0105,5,99,4181000,20695950,20695950,False
EMP0105,6,100,4301000,21505000,21505000,False
EMP0105,7,92,4330000,19918000,19918000,False
EMP0105,8,99,4427000,21913650,21913650,False
EMP0105,9,97,4414000,21407900,21407900,False
EMP0105,10,98,4418000,21648200,21648200,False
EMP0105,11,96,4446000,21340800,21340800,False
EMP0105,12,99,4379000,21676050,21676050,False
EMP0106,1,21,3127000,3283350,3283350,False
EMP0106,2,23,3042000,3498300,3498300,False
EMP0106,3,22,3010000,3311000,3311000,False
EMP0106,4,21,3234000,3395700,3395700,False
EMP0106,5,23,3008000,3459200,3459200,False
EMP0106,6,22,3066000,3372600,3372600,False
EMP0106,7,23,3296000,3790400,3790400,False
EMP0106,8,22,3034000,3337400,3337400,False
EMP0106,9,22,3198000,3517800,3517800,False
EMP0106,10,22,2999000,3298900,3298900,False
EMP0106,11,23,3131000,3600650,3600650,False
EMP0106,12,22,3172000,3489200,3489200,False
EMP0107,1,43,1933000,4155950,4155950,False
EMP0107,2,45,2006000,4513500,4513500,False
EMP0107,3,45,1992000,4482000,4482000,False
EMP0107,4,48,1955000,4692000,4692000,False
EMP0107,5,43,1915000,4117250,4117250,False
EMP0107,6,43,1823000,3919450,3919450,False
EMP0107,7,47,1949000,4580150,4580150,False
EMP0107,8,43,1972000,4239800,4239800,False
EMP0107,9,43,2011000,4323650,4323650,False
EMP0107,10,47,1980000,4653000,4653000,False
EMP0107,11,46,1996000,4590800,4590800,False
EMP0107,12,43,1904000,4093600,4093600,False
EMP0108,1,130,4297000,27930500,27930500,False
EMP0108,2,127,4050000,25717500,0,True
EMP0108,3,127,3734000,23710900,23710900,False
EMP0108,4,128,4081000,26118400,26118400,False
EMP0108,5,124,4171000,25860200,25860200,False
EMP0108,6,133,4142000,27544300,27544300,False
EMP0108,7,131,4227000,27686850,27686850,False
EMP0108,8,130,4469000,29048500,29048500,False
EMP0108,9,126,4176000,26308800,26308800,False
EMP0108,10,123,4121000,25344150,25344150,False
EMP0108,11,121,4091000,24750550,0,True
EMP0108,12,133,4221000,28069650,28069650,False
EMP0109,1,134,4492000,30096400,30096400,False
EMP0109,2,134,4355000,29178500,29178500,False
EMP0109,3,139,4515000,31379250,31379250,False
EMP0109,4,131,4425000,28983750,28983750,False
EMP0109,5,133,4637000,30836050,30836050,False
EMP0109,6,128,4359000,27897600,27897600,False
EMP0109,7,127,4353000,27641550,27641550,False
EMP0109,8,132,4564000,30122400,30122400,False
EMP0109,9,133,4433000,29479450,29479450,False
EMP0109,10,129,4546000,29321700,29321700,False
EMP0109,11,128,4310000,27584000,0,True
EMP0109,12,129,4235000,27315750,27315750,False
EMP0110,1,54,5550000,14985000,14985000,False
EMP0110,2,56,5680000,15904000,15904000,False
EMP0110,3,55,5298000,14569500,14569500,False
EMP0110,4,53,5638000,14940700,14940700,False
EMP0110,5,54,5595000,15106500,15106500,False
EMP0110,6,57,5896000,16803600,16803600,False
EMP0110,7,58,5898000,17104200,17104200,False
EMP0110,8,55,5821000,16007750,16007750,False
EMP0110,9,57,5390000,15361500,15361500,False
EMP0110,10,55,5781000,15897750,15897750,False
EMP0110,11,58,5875000,17037500,17037500,False
EMP0110,12,58,5463000,15842700,15842700,False
EMP0111,1,128,2143000,13715200,13715200,False
EMP0111,2,136,2292000,15585600,15585600,False
EMP0111,3,131,2432000,15929600,0,True
EMP0111,4,130,2169000,14098500,14098500,False
EMP0111,5,128,2214000,14169600,14169600,False
EMP0111,6,135,2339000,15788250,15788250,False
EMP0111,7,130,2255000,14657500,14657500,False
EMP0111,8,137,2285000,15652250,15652250,False
EMP0111,9,134,2243000,15028100,15028100,False
EMP0111,10,137,2400000,16440000,16440000,False
EMP0111,11,130,2244000,14586000,14586000,False
EMP0111,12,137,2290000,15686500,15686500,False
EMP0112,1,65,3053000,9922250,9922250,False
EMP0112,2,65,3046000,9899500,9899500,False
EMP0112,3,67,3165000,10602750,10602750,False
EMP0112,4,66,3093000,10206900,10206900,False
EMP0112,5,66,3069000,10127700,10127700,False
EMP0112,6,66,3082000,10170600,10170600,False
EMP0112,7,65,3196000,10387000,10387000,False
EMP0112,8,63,2926000,9216900,9216900,False
EMP0112,9,65,3122000,10146500,10146500,False
EMP0112,10,66,3089000,10193700,10193700,False
EMP0112,11,65,3039000,9876750,9876750,False
EMP0112,12,63,2939000,9257850,9257850,False
EMP0113,1,252,3193000,40231800,40231800,False
EMP0113,2,243,3468000,42136200,42136200,False
EMP0113,3,275,3254000,44742500,44742500,False
EMP0113,4,295,3113000,45916750,45916750,False
EMP0113,5,252,3387000,42676200,42676200,False
EMP0113,6,269,3251000,43725950,43725950,False
EMP0113,7,255,3469000,44229750,44229750,False
EMP0113,8,255,3505000,44688750,44688750,False
EMP0113,9,284,3467000,49231400,49231400,False
EMP0113,10,267,3356000,44802600,44802600,False
EMP0113,11,271,3361000,45541550,45541550,False
EMP0113,12,267,3476000,46404600,0,True
EMP0114,1,103,1982000,10207300,10207300,False
EMP0114,2,111,2058000,11421900,11421900,False
EMP0114,3,97,2107000,10218950,10218950,False
EMP0114,4,104,2083000,10831600,10831600,False
EMP0114,5,98,2130000,10437000,10437000,False
EMP0114,6,104,2009000,10446800,10446800,False
EMP0114,7,106,2174000,11522200,11522200,False
EMP0114,8,101,2085000,10529250,10529250,False
EMP0114,9,108,2110000,11394000,11394000,False
EMP0114,10,107,2007000,10737450,10737450,False
EMP0114,11,105,2097000,11009250,11009250,False
EMP0114,12,108,2120000,11448000,0,True
EMP0115,1,290,3594000,52113000,52113000,False
EMP0115,2,280,3755000,52570000,52570000,False
EMP0115,3,280,3835000,53690000,53690000,False
EMP0115,4,286,3775000,53982500,53982500,False
EMP0115,5,289,3516000,50806200,50806200,False
EMP0115,6,295,3928000,57938000,57938000,False
EMP0115,7,279,3693000,51517350,51517350,False
EMP0115,8,286,3674000,52538200,52538200,False
EMP0115,9,297,3758000,55806300,55806300,False
EMP0115,10,270,3853000,52015500,52015500,False
EMP0115,11,289,3705000,53537250,53537250,False
EMP0115,12,280,3683000,51562000,51562000,False
EMP0116,1,58,6254000,18136600,18136600,False
EMP0116,2,56,6095000,17066000,17066000,False
EMP0116,3,57,5980000,17043000,17043000,False
EMP0116,4,59,6434000,18980300,18980300,False
EMP0116,5,60,6267000,18801000,18801000,False
EMP0116,6,57,5941000,16931850,16931850,False
EMP0116,7,60,6189000,18567000,18567000,False
EMP0116,8,54,6508000,17571600,17571600,False
EMP0116,9,62,5875000,18212500,18212500,False
EMP0116,10,54,6203000,16748100,16748100,False
EMP0116,11,56,5889000,16489200,16489200,False
EMP0116,12,60,6464000,19392000,19392000,False
EMP0117,1,238,6337000,75410300,75410300,False
EMP0117,2,248,6640000,82336000,82336000,False
EMP0117,3,248,6433000,79769200,79769200,False
EMP0117,4,236,6329000,74682200,74682200,False
EMP0117,5,243,6476000,78683400,78683400,False
EMP0117,6,259,6703000,86803850,86803850,False
EMP0117,7,239,6398000,76456100,76456100,False
EMP0117,8,236,6530000,77054000,77054000,False
EMP0117,9,231,6215000,71783250,71783250,False
EMP0117,10,238,6843000,81431700,81431700,False
EMP0117,11,248,6388000,79211200,79211200,False
EMP0117,12,230,6598000,75877000,75877000,False
EMP0118,1,181,3566000,32272300,32272300,False
EMP0118,2,187,3416000,31939600,31939600,False
EMP0118,3,182,3463000,31513300,31513300,False
EMP0118,4,182,3745000,34079500,34079500,False
EMP0118,5,184,3803000,34987600,34987600,False
EMP0118,6,188,3531000,33191400,33191400,False
EMP0118,7,178,3350000,29815000,29815000,False
EMP0118,8,179,3492000,31253400,31253400,False
EMP0118,9,181,3780000,34209000,34209000,False
EMP0118,10,173,3542000,30638300,30638300,False
EMP0118,11,188,3614000,33971600,33971600,False
EMP0118,12,183,3528000,32281200,32281200,False
EMP0119,1,148,3626000,26832400,26832400,False
EMP0119,2,168,3431000,28820400,28820400,False
EMP0119,3,155,3822000,29620500,29620500,False
EMP0119,4,157,3638000,28558300,28558300,False
EMP0119,5,156,3638000,28376400,28376400,False
EMP0119,6,151,3592000,27119600,27119600,False
EMP0119,7,154,3659000,28174300,28174300,False
EMP0119,8,170,3608000,30668000,30668000,False
EMP0119,9,165,3488000,28776000,28776000,False
EMP0119,10,164,3610000,29602000,29602000,False
EMP0119,11,160,3727000,29816000,29816000,False
EMP0119,12,157,3649000,28644650,28644650,False
EMP0120,1,176,4316000,37980800,37980800,False
EMP0120,2,185,4223000,39062750,39062750,False
EMP0120,3,174,4243000,36914100,36914100,False
EMP0120,4,183,4351000,39811650,39811650,False
EMP0120,5,176,4323000,38042400,38042400,False
EMP0120,6,182,4234000,38529400,38529400,False
EMP0120,7,175,4327000,37861250,37861250,False
EMP0120,8,177,4285000,37922250,37922250,False
EMP0120,9,182,4238000,38565800,38565800,False
EMP0120,10,177,4437000,39267450,39267450,False
EMP0120,11,187,4304000,40242400,40242400,False
EMP0120,12,176,4153000,36546400,36546400,False
EMP0121,1,85,3533000,15015250,15015250,False
EMP0121,2,89,3727000,16585150,16585150,False
EMP0121,3,84,3789000,15913800,0,True
EMP0121,4,84,3667000,15401400,15401400,False
EMP0121,5,83,3612000,14989800,14989800,False
EMP0121,6,82,3588000,14710800,14710800,False
EMP0121,7,82,3524000,14448400,14448400,False
EMP0121,8,84,3515000,14763000,0,True
EMP0121,9,82,3635000,14903500,14903500,False
EMP0121,10,85,3565000,15151250,15151250,False
EMP0121,11,79,3647000,14405650,14405650,False
EMP0121,12,85,3574000,15189500,15189500,False
EMP0122,1,47,2866000,6735100,6735100,False
EMP0122,2,51,2720000,6936000,6936000,False
EMP0122,3,48,2924000,7017600,7017600,False
EMP0122,4,51,2745000,6999750,6999750,False
EMP0122,5,53,2827000,7491550,7491550,False
EMP0122,6,49,2658000,6512100,6512100,False
EMP0122,7,51,2902000,7400100,7400100,False
EMP0122,8,53,2757000,7306050,7306050,False
EMP0122,9,49,2903000,7112350,7112350,False
EMP0122,10,48,2997000,7192800,7192800,False
EMP0122,11,50,2926000,7315000,7315000,False
EMP0122,12,51,2923000,7453650,7453650,False
EMP0123,1,415,3886000,80634500,80634500,False
EMP0123,2,388,3564000,69141600,69141600,False
EMP0123,3,378,3638000,68758200,68758200,False
EMP0123,4,388,3698000,71741200,71741200,False
EMP0123,5,393,3618000,71093700,71093700,False
EMP0123,6,397,3828000,75985800,0,True
EMP0123,7,391,3467000,67779850,67779850,False
EMP0123,8,372,3709000,68987400,68987400,False
EMP0123,9,409,3670000,75051500,75051500,False
EMP0123,10,384,3737000,71750400,71750400,False
EMP0123,11,382,3800000,72580000,72580000,False
EMP0123,12,391,3739000,73097450,73097450,False
EMP0124,1,11,3357000,1846350,1846350,False
EMP0124,2,10,3502000,1751000,1751000,False
EMP0124,3,11,3330000,1831500,1831500,False
EMP0124,4,11,3390000,1864500,1864500,False
EMP0124,5,10,3381000,1690500,1690500,False
EMP0124,6,10,3319000,1659500,1659500,False
EMP0124,7,10,3639000,1819500,1819500,False
EMP0124,8,10,3348000,1674000,1674000,False
EMP0124,9,10,3489000,1744500,1744500,False
EMP0124,10,10,3377000,1688500,1688500,False
EMP0124,11,10,3295000,1647500,1647500,False
EMP0124,12,11,3572000,1964600,1964600,False
EMP0125,1,164,3271000,26822200,26822200,False
EMP0125,2,164,3625000,29725000,29725000,False
EMP0125,3,170,3286000,27931000,27931000,False
EMP0125,4,168,3537000,29710800,29710800,False
EMP0125,5,164,3273000,26838600,26838600,False
EMP0125,6,168,3374000,28341600,28341600,False
EMP0125,7,158,3352000,26480800,26480800,False
EMP0125,8,169,3429000,28975050,28975050,False
EMP0125,9,162,3250000,26325000,26325000,False
EMP0125,10,171,3406000,29121300,29121300,False
EMP0125,11,163,3417000,27848550,27848550,False
EMP0125,12,150,3443000,25822500,25822500,False
EMP0126,1,254,4425000,56197500,56197500,False
EMP0126,2,256,4289000,54899200,0,True
EMP0126,3,276,4307000,59436600,59436600,False
EMP0126,4,271,4405000,59687750,59687750,False
EMP0126,5,275,4342000,59702500,0,True
EMP0126,6,273,4251000,58026150,58026150,False
EMP0126,7,277,4474000,61964900,61964900,False
EMP0126,8,260,4454000,57902000,57902000,False
EMP0126,9,266,4221000,56139300,56139300,False
EMP0126,10,263,4176000,54914400,0,True
EMP0126,11,266,4214000,56046200,56046200,False
EMP0126,12,274,4389000,60129300,60129300,False
EMP0127,1,25,3448000,4310000,4310000,False
EMP0127,2,28,3527000,4937800,4937800,False
EMP0127,3,26,3397000,4416100,4416100,False
EMP0127,4,24,3293000,3951600,3951600,False
EMP0127,5,24,3326000,3991200,0,True
EMP0127,6,26,3315000,4309500,4309500,False
EMP0127,7,27,3447000,4653450,4653450,False
EMP0127,8,26,3378000,4391400,4391400,False
EMP0127,9,25,3482000,4352500,4352500,False
EMP0127,10,25,3377000,4221250,4221250,False
EMP0127,11,24,3377000,4052400,4052400,False
EMP0127,12,26,3605000,4686500,4686500,False
EMP0128,1,24,2585000,3102000,3102000,False
EMP0128,2,23,2581000,2968150,2968150,False
EMP0128,3,24,2520000,3024000,3024000,False
EMP0128,4,24,2561000,3073200,3073200,False
EMP0128,5,23,2481000,2853150,2853150,False
EMP0128,6,24,2589000,3106800,3106800,False
EMP0128,7,24,2657000,3188400,3188400,False
EMP0128,8,24,2659000,3190800,3190800,False
EMP0128,9,24,2673000,3207600,3207600,False
EMP0128,10,23,2548000,2930200,2930200,False
EMP0128,11,25,2457000,3071250,3071250,False
EMP0128,12,23,2482000,2854300,2854300,False
EMP0129,1,181,2770000,25068500,25068500,False
EMP0129,2,175,2711000,23721250,23721250,False
EMP0129,3,186,2482000,23082600,23082600,False
EMP0129,4,177,2625000,23231250,23231250,False
EMP0129,5,176,2660000,23408000,23408000,False
EMP0129,6,181,2695000,24389750,24389750,False
EMP0129,7,176,2714000,23883200,23883200,False
EMP0129,8,180,2677000,24093000,24093000,False
EMP0129,9,180,2810000,25290000,25290000,False
EMP0129,10,175,2612000,22855000,22855000,False
EMP0129,11,184,2836000,26091200,26091200,False
EMP0129,12,175,2708000,23695000,23695000,False
EMP0130,1,14,6955000,4868500,4868500,False
EMP0130,2,14,7483000,5238100,5238100,False
EMP0130,3,14,7579000,5305300,5305300,False
EMP0130,4,14,7399000,5179300,5179300,False
EMP0130,5,15,7566000,5674500,5674500,False
EMP0130,6,14,7273000,5091100,5091100,False
EMP0130,7,14,7165000,5015500,5015500,False
EMP0130,8,14,7322000,5125400,5125400,False
EMP0130,9,14,7551000,5285700,5285700,False
EMP0130,10,14,7377000,5163900,5163900,False
EMP0130,11,14,6832000,4782400,4782400,False
EMP0130,12,14,7404000,5182800,5182800,False
EMP0131,1,394,6815000,134255500,134255500,False
EMP0131,2,392,6379000,125028400,125028400,False
EMP0131,3,425,6674000,141822500,141822500,False
EMP0131,4,393,6697000,131596050,131596050,False
EMP0131,5,387,6466000,125117100,125117100,False
EMP0131,6,389,6506000,126541700,126541700,False
EMP0131,7,395,6560000,129560000,129560000,False
EMP0131,8,397,6744000,133868400,133868400,False
EMP0131,9,401,6548000,131287400,131287400,False
EMP0131,10,381,6478000,123405900,123405900,False
EMP0131,11,384,6615000,127008000,127008000,False
EMP0131,12,373,6758000,126036700,126036700,False
EMP0132,1,47,3429000,8058150,8058150,False
EMP0132,2,45,3399000,7647750,7647750,False
EMP0132,3,50,3537000,8842500,8842500,False
EMP0132,4,46,3219000,7403700,7403700,False
EMP0132,5,45,3373000,7589250,7589250,False
EMP0132,6,44,3274000,7202800,7202800,False
EMP0132,7,44,3126000,6877200,6877200,False
EMP0132,8,45,3278000,7375500,7375500,False
EMP0132,9,47,3469000,8152150,8152150,False
EMP0132,10,43,3153000,6778950,6778950,False
EMP0132,11,45,3119000,7017750,7017750,False
EMP0132,12,44,3441000,7570200,7570200,False
EMP0133,1,204,3247000,33119400,33119400,False
EMP0133,2,205,3161000,32400250,32400250,False
EMP0133,3,211,3278000,34582900,34582900,False
EMP0133,4,225,3063000,34458750,34458750,False
EMP0133,5,206,3188000,32836400,0,True
EMP0133,6,210,3264000,34272000,34272000,False
EMP0133,7,221,3150000,34807500,34807500,False
EMP0133,8,207,3095000,32033250,32033250,False
EMP0133,9,210,3212000,33726000,33726000,False
EMP0133,10,212,3331000,35308600,35308600,False
EMP0133,11,209,3056000,31935200,31935200,False
EMP0133,12,197,3293000,32436050,0,True
EMP0134,1,145,3216000,23316000,23316000,False
EMP0134,2,135,3283000,22160250,22160250,False
EMP0134,3,149,3322000,24748900,24748900,False
EMP0134,4,137,3096000,21207600,21207600,False
EMP0134,5,138,3367000,23232300,23232300,False
EMP0134,6,141,3276000,23095800,23095800,False
EMP0134,7,140,3289000,23023000,23023000,False
EMP0134,8,140,3292000,23044000,23044000,False
EMP0134,9,138,3283000,22652700,22652700,False
EMP0134,10,143,3183000,22758450,22758450,False
EMP0134,11,149,3373000,25128850,25128850,False
EMP0134,12,140,3197000,22379000,22379000,False
EMP0135,1,47,5759000,13533650,13533650,False
EMP0135,2,43,5858000,12594700,12594700,False
EMP0135,3,45,5721000,12872250,12872250,False
EMP0135,4,46,5633000,12955900,12955900,False
EMP0135,5,43,6040000,12986000,12986000,False
EMP0135,6,45,5566000,12523500,12523500,False
EMP0135,7,44,5574000,12262800,12262800,False
EMP0135,8,44,5513000,12128600,12128600,False
EMP0135,9,46,5702000,13114600,13114600,False
EMP0135,10,44,5779000,12713800,12713800,False
EMP0135,11,44,5835000,12837000,12837000,False
EMP0135,12,47,5684000,13357400,13357400,False
EMP0136,1,6,3163000,948900,948900,False
EMP0136,2,5,3280000,820000,820000,False
EMP0136,3,6,3162000,948600,948600,False
EMP0136,4,5,3229000,807250,0,True
EMP0136,5,5,3200000,800000,800000,False
EMP0136,6,5,3193000,798250,798250,False
EMP0136,7,6,3307000,992100,992100,False
EMP0136,8,6,3017000,905100,905100,False
EMP0136,9,5,3074000,768500,768500,False
EMP0136,10,6,3294000,988200,988200,False
EMP0136,11,6,3207000,962100,962100,False
EMP0136,12,5,3338000,834500,0,True
EMP0137,1,67,1476000,4944600,0,True
EMP0137,2,67,1459000,4887650,4887650,False
EMP0137,3,59,1573000,4640350,4640350,False
EMP0137,4,69,1479000,5102550,5102550,False
EMP0137,5,65,1482000,4816500,4816500,False
EMP0137,6,69,1644000,5671800,5671800,False
EMP0137,7,65,1387000,4507750,4507750,False
EMP0137,8,66,1460000,4818000,4818000,False
EMP0137,9,64,1491000,4771200,4771200,False
EMP0137,10,68,1473000,5008200,5008200,False
EMP0137,11,65,1471000,4780750,4780750,False
EMP0137,12,67,1417000,4746950,4746950,False
EMP0138,1,118,2279000,13446100,13446100,False
EMP0138,2,123,2280000,14022000,0,True
EMP0138,3,124,2223000,13782600,13782600,False
EMP0138,4,129,2221000,14325450,14325450,False
EMP0138,5,119,2362000,14053900,14053900,False
EMP0138,6,121,2302000,13927100,13927100,False
EMP0138,7,120,2193000,13158000,13158000,False
EMP0138,8,130,2244000,14586000,14586000,False
EMP0138,9,121,2349000,14211450,14211450,False
EMP0138,10,125,2299000,14368750,14368750,False
EMP0138,11,127,2254000,14312900,14312900,False
EMP0138,12,133,2181000,14503650,14503650,False
EMP0139,1,238,2184000,25989600,25989600,False
EMP0139,2,230,2259000,25978500,25978500,False
EMP0139,3,240,2206000,26472000,26472000,False
EMP0139,4,239,2221000,26540950,26540950,False
EMP0139,5,230,2329000,26783500,26783500,False
EMP0139,6,242,2371000,28689100,28689100,False
EMP0139,7,235,2235000,26261250,26261250,False
EMP0139,8,240,2216000,26592000,26592000,False
EMP0139,9,236,2298000,27116400,0,True
EMP0139,10,249,2407000,29967150,29967150,False
EMP0139,11,251,2325000,29178750,29178750,False
EMP0139,12,254,2338000,29692600,29692600,False
EMP0140,1,101,4312000,21775600,21775600,False
EMP0140,2,102,3918000,19981800,19981800,False
EMP0140,3,101,4290000,21664500,21664500,False
EMP0140,4,103,4421000,22768150,22768150,False
EMP0140,5,110,4374000,24057000,24057000,False
EMP0140,6,107,4075000,21801250,21801250,False
EMP0140,7,107,3983000,21309050,21309050,False
EMP0140,8,104,4490000,23348000,23348000,False
EMP0140,9,107,4156000,22234600,22234600,False
EMP0140,10,98,4086000,20021400,20021400,False
EMP0140,11,99,4328000,21423600,21423600,False
EMP0140,12,98,4160000,20384000,20384000,False
EMP0141,1,92,3337000,15350200,15350200,False
EMP0141,2,87,3238000,14085300,14085300,False
EMP0141,3,86,3143000,13514900,13514900,False
EMP0141,4,90,3156000,14202000,14202000,False
EMP0141,5,86,3075000,13222500,13222500,False
EMP0141,6,90,3088000,13896000,13896000,False
EMP0141,7,89,3192000,14204400,14204400,False
EMP0141,8,88,3376000,14854400,14854400,False
EMP0141,9,88,3240000,14256000,14256000,False
EMP0141,10,94,3172000,14908400,14908400,False
EMP0141,11,86,3235000,13910500,13910500,False
EMP0141,12,94,3250000,15275000,15275000,False
EMP0142,1,48,5832000,13996800,13996800,False
EMP0142,2,45,5598000,12595500,12595500,False
EMP0142,3,44,6017000,13237400,13237400,False
EMP0142,4,45,6027000,13560750,13560750,False
EMP0142,5,48,5741000,13778400,13778400,False
EMP0142,6,46,5950000,13685000,0,True
EMP0142,7,47,5912000,13893200,13893200,False
EMP0142,8,46,6175000,14202500,14202500,False
EMP0142,9,43,6292000,13527800,13527800,False
EMP0142,10,47,5823000,13684050,13684050,False
EMP0142,11,44,5932000,13050400,13050400,False
EMP0142,12,48,5898000,14155200,14155200,False
EMP0143,1,199,4789000,47650550,47650550,False
EMP0143,2,195,4757000,46380750,46380750,False
EMP0143,3,183,4857000,44441550,44441550,False
EMP0143,4,191,4810000,45935500,45935500,False
EMP0143,5,203,4723000,47938450,47938450,False
EMP0143,6,202,4732000,47793200,47793200,False
EMP0143,7,193,4903000,47313950,47313950,False
EMP0143,8,191,4436000,42363800,42363800,False
EMP0143,9,194,4809000,46647300,46647300,False
EMP0143,10,189,4740000,44793000,44793000,False
EMP0143,11,199,4977000,49521150,49521150,False
EMP0143,12,200,4939000,49390000,49390000,False
EMP0144,1,105,4632000,24318000,24318000,False
EMP0144,2,101,4687000,23669350,23669350,False
EMP0144,3,105,4352000,22848000,22848000,False
EMP0144,4,105,4399000,23094750,23094750,False
EMP0144,5,99,4635000,22943250,22943250,False
EMP0144,6,99,4601000,22774950,22774950,False
EMP0144,7,106,4501000,23855300,23855300,False
EMP0144,8,102,4481000,22853100,22853100,False
EMP0144,9,105,4528000,23772000,23772000,False
EMP0144,10,103,4891000,25188650,25188650,False
EMP0144,11,102,4934000,25163400,25163400,False
EMP0144,12,100,4667000,23335000,23335000,False
EMP0145,1,259,3375000,43706250,43706250,False
EMP0145,2,271,3259000,44159450,44159450,False
EMP0145,3,268,3335000,44689000,44689000,False
EMP0145,4,278,3300000,45870000,45870000,False
EMP0145,5,265,3230000,42797500,42797500,False
EMP0145,6,262,3238000,42417800,42417800,False
EMP0145,7,266,3218000,42799400,42799400,False
EMP0145,8,269,3232000,43470400,43470400,False
EMP0145,9,278,3202000,44507800,44507800,False
EMP0145,10,260,3168000,41184000,41184000,False
EMP0145,11,275,3260000,44825000,44825000,False
EMP0145,12,268,3223000,43188200,43188200,False
EMP0146,1,267,5384000,71876400,71876400,False
EMP0146,2,259,5466000,70784700,70784700,False
EMP0146,3,260,5264000,68432000,68432000,False
EMP0146,4,273,5192000,70870800,70870800,False
EMP0146,5,275,5257000,72283750,72283750,False
EMP0146,6,256,5486000,70220800,70220800,False
EMP0146,7,271,5438000,73684900,73684900,False
EMP0146,8,260,5217000,67821000,67821000,False
EMP0146,9,271,5237000,70961350,70961350,False
EMP0146,10,262,5166000,67674600,67674600,False
EMP0146,11,261,5195000,67794750,67794750,False
EMP0146,12,252,5290000,66654000,66654000,False
EMP0147,1,49,14123000,34601350,34601350,False
EMP0147,2,50,13783000,34457500,34457500,False
EMP0147,3,49,13343000,32690350,32690350,False
EMP0147,4,48,14232000,34156800,34156800,False
EMP0147,5,51,13400000,34170000,34170000,False
EMP0147,6,50,14335000,35837500,35837500,False
EMP0147,7,49,14607000,35787150,35787150,False
EMP0147,8,51,13474000,34358700,34358700,False
EMP0147,9,46,13400000,30820000,30820000,False
EMP0147,10,47,14032000,32975200,32975200,False
EMP0147,11,48,13463000,32311200,32311200,False
EMP0147,12,48,13816000,33158400,0,True
EMP0148,1,351,6288000,110354400,110354400,False
EMP0148,2,360,6249000,112482000,112482000,False
EMP0148,3,354,6130000,108501000,108501000,False
EMP0148,4,353,6142000,108406300,108406300,False
EMP0148,5,364,6132000,111602400,111602400,False
EMP0148,6,342,6112000,104515200,104515200,False
EMP0148,7,352,6434000,113238400,113238400,False
EMP0148,8,351,6243000,109564650,109564650,False
EMP0148,9,354,6262000,110837400,0,True
EMP0148,10,341,6128000,104482400,104482400,False
EMP0148,11,376,5911000,111126800,111126800,False
EMP0148,12,379,5865000,111141750,111141750,False
EMP0149,1,191,4265000,40730750,40730750,False
EMP0149,2,190,4304000,40888000,40888000,False
EMP0149,3,186,4222000,39264600,39264600,False
EMP0149,4,189,4237000,40039650,0,True
EMP0149,5,179,4199000,37581050,37581050,False
EMP0149,6,184,4508000,41473600,41473600,False
EMP0149,7,191,4231000,40406050,40406050,False
EMP0149,8,182,4272000,38875200,38875200,False
EMP0149,9,188,3959000,37214600,37214600,False
EMP0149,10,198,4403000,43589700,43589700,False
EMP0149,11,198,4383000,43391700,43391700,False
EMP0149,12,183,4445000,40671750,40671750,False
EMP0150,1,139,3384000,23518800,23518800,False
EMP0150,2,138,3295000,22735500,22735500,False
EMP0150,3,127,3274000,20789900,20789900,False
EMP0150,4,131,3405000,22302750,22302750,False
EMP0150,5,124,3532000,21898400,21898400,False
EMP0150,6,134,3464000,23208800,23208800,False
EMP0150,7,131,3183000,20848650,20848650,False
EMP0150,8,132,3294000,21740400,21740400,False
EMP0150,9,130,3263000,21209500,21209500,False
EMP0150,10,129,3358000,21659100,21659100,False
EMP0150,11,137,3396000,23262600,23262600,False
EMP0150,12,130,3447000,22405500,22405500,False
EMP0151,1,109,3036000,16546200,16546200,False
EMP0151,2,107,3097000,16568950,16568950,False
EMP0151,3,101,3039000,15346950,15346950,False
EMP0151,4,107,3091000,16536850,16536850,False
EMP0151,5,106,3267000,17315100,17315100,False
EMP0151,6,110,3184000,17512000,17512000,False
EMP0151,7,107,3049000,16312150,16312150,False
EMP0151,8,105,3201000,16805250,16805250,False
EMP0151,9,107,3218000,17216300,17216300,False
EMP0151,10,105,3166000,16621500,16621500,False
EMP0151,11,112,3026000,16945600,16945600,False
EMP0151,12,116,3139000,18206200,18206200,False
EMP0152,1,88,4222000,18576800,18576800,False
EMP0152,2,86,4237000,18219100,18219100,False
EMP0152,3,82,4093000,16781300,16781300,False
EMP0152,4,86,3964000,17045200,17045200,False
EMP0152,5,87,4190000,18226500,18226500,False
EMP0152,6,88,3941000,17340400,17340400,False
EMP0152,7,86,4101000,17634300,17634300,False
EMP0152,8,85,4290000,18232500,18232500,False
EMP0152,9,90,3999000,17995500,17995500,False
EMP0152,10,92,4135000,19021000,19021000,False
EMP0152,11,92,4014000,18464400,18464400,False
EMP0152,12,90,3983000,17923500,17923500,False
EMP0153,1,158,3281000,25919900,0,True
EMP0153,2,141,3070000,21643500,21643500,False
EMP0153,3,145,3143000,22786750,22786750,False
EMP0153,4,159,3120000,24804000,24804000,False
EMP0153,5,152,3207000,24373200,24373200,False
EMP0153,6,157,3099000,24327150,24327150,False
EMP0153,7,145,3216000,23316000,23316000,False
EMP0153,8,156,3188000,24866400,24866400,False
EMP0153,9,153,3209000,24548850,24548850,False
EMP0153,10,149,3289000,24503050,24503050,False
EMP0153,11,147,3191000,23453850,23453850,False
EMP0153,12,150,3264000,24480000,24480000,False
EMP0154,1,56,6359000,17805200,17805200,False
EMP0154,2,58,6257000,18145300,18145300,False
EMP0154,3,54,6258000,16896600,16896600,False
EMP0154,4,53,6095000,16151750,16151750,False
EMP0154,5,56,6337000,17743600,17743600,False
EMP0154,6,54,6469000,17466300,17466300,False
EMP0154,7,56,6286000,17600800,17600800,False
EMP0154,8,55,5955000,16376250,16376250,False
EMP0154,9,55,6153000,16920750,16920750,False
EMP0154,10,55,6352000,17468000,17468000,False
EMP0154,11,58,6271000,18185900,18185900,False
EMP0154,12,56,6377000,17855600,17855600,False
EMP0155,1,86,2567000,11038100,11038100,False
EMP0155,2,89,2495000,11102750,11102750,False
EMP0155,3,86,2661000,11442300,11442300,False
EMP0155,4,83,2416000,10026400,10026400,False
EMP0155,5,86,2565000,11029500,11029500,False
EMP0155,6,85,2431000,10331750,10331750,False
EMP0155,7,82,2500000,10250000,10250000,False
EMP0155,8,83,2424000,10059600,10059600,False
EMP0155,9,85,2513000,10680250,10680250,False
EMP0155,10,86,2551000,10969300,10969300,False
EMP0155,11,85,2581000,10969250,10969250,False
EMP0155,12,85,2514000,10684500,10684500,False
EMP0156,1,178,2999000,26691100,26691100,False
EMP0156,2,173,3010000,26036500,26036500,False
EMP0156,3,172,3080000,26488000,26488000,False
EMP0156,4,178,2816000,25062400,25062400,False
EMP0156,5,172,3097000,26634200,26634200,False
EMP0156,6,174,3046000,26500200,0,True
EMP0156,7,183,3053000,27934950,27934950,False
EMP0156,8,180,3116000,28044000,28044000,False
EMP0156,9,181,3013000,27267650,27267650,False
EMP0156,10,170,2946000,25041000,25041000,False
EMP0156,11,170,3161000,26868500,26868500,False
EMP0156,12,173,3051000,26391150,26391150,False
EMP0157,1,53,5961000,15796650,15796650,False
EMP0157,2,52,5949000,15467400,15467400,False
EMP0157,3,53,5931000,15717150,15717150,False
EMP0157,4,52,6119000,15909400,15909400,False
EMP0157,5,54,5734000,15481800,15481800,False
EMP0157,6,53,5539000,14678350,14678350,False
EMP0157,7,56,5946000,16648800,16648800,False
EMP0157,8,57,5931000,16903350,16903350,False
EMP0157,9,54,5859000,15819300,15819300,False
EMP0157,10,54,5856000,15811200,15811200,False
EMP0157,11,54,5751000,15527700,15527700,False
EMP0157,12,51,5738000,14631900,14631900,False
EMP0158,1,442,3313000,73217300,73217300,False
EMP0158,2,421,3211000,67591550,67591550,False
EMP0158,3,400,3164000,63280000,63280000,False
EMP0158,4,434,3025000,65642500,65642500,False
EMP0158,5,416,3057000,63585600,63585600,False
EMP0158,6,398,3245000,64575500,64575500,False
EMP0158,7,426,3191000,67968300,67968300,False
EMP0158,8,412,3250000,66950000,66950000,False
EMP0158,9,407,3337000,67907950,67907950,False
EMP0158,10,406,3192000,64797600,64797600,False
EMP0158,11,416,3177000,66081600,66081600,False
EMP0158,12,446,3268000,72876400,72876400,False
EMP0159,1,142,3471000,24644100,0,True
EMP0159,2,139,3572000,24825400,24825400,False
EMP0159,3,140,3678000,25746000,25746000,False
EMP0159,4,133,3533000,23494450,23494450,False
EMP0159,5,143,3675000,26276250,26276250,False
EMP0159,6,138,3646000,25157400,0,True
EMP0159,7,136,3702000,25173600,25173600,False
EMP0159,8,146,3548000,25900400,25900400,False
EMP0159,9,139,3692000,25659400,25659400,False
EMP0159,10,140,3342000,23394000,23394000,False
EMP0159,11,142,3571000,25354100,25354100,False
EMP0159,12,136,3553000,24160400,24160400,False
EMP0160,1,95,4889000,23222750,23222750,False
EMP0160,2,88,5192000,22844800,22844800,False
EMP0160,3,91,4785000,21771750,21771750,False
EMP0160,4,92,5078000,23358800,23358800,False
EMP0160,5,90,5239000,23575500,23575500,False
EMP0160,6,95,5093000,24191750,24191750,False
EMP0160,7,90,4976000,22392000,22392000,False
EMP0160,8,88,5222000,22976800,22976800,False
EMP0160,9,94,4929000,23166300,0,True
EMP0160,10,93,4905000,22808250,22808250,False
EMP0160,11,85,5061000,21509250,21509250,False
EMP0160,12,90,5124000,23058000,23058000,False
EMP0161,1,22,4931000,5424100,5424100,False
EMP0161,2,22,4950000,5445000,5445000,False
EMP0161,3,23,4937000,5677550,5677550,False
EMP0161,4,21,4923000,5169150,5169150,False
EMP0161,5,22,4974000,5471400,5471400,False
EMP0161,6,22,4985000,5483500,5483500,False
EMP0161,7,23,4895000,5629250,5629250,False
EMP0161,8,22,4868000,5354800,5354800,False
EMP0161,9,22,4739000,5212900,5212900,False
EMP0161,10,22,4894000,5383400,5383400,False
EMP0161,11,23,4875000,5606250,5606250,False
EMP0161,12,22,4738000,5211800,5211800,False
EMP0162,1,70,1936000,6776000,6776000,False
EMP0162,2,66,1948000,6428400,6428400,False
EMP0162,3,74,1886000,6978200,6978200,False
EMP0162,4,68,2044000,6949600,6949600,False
EMP0162,5,73,2015000,7354750,7354750,False
EMP0162,6,67,1876000,6284600,6284600,False
EMP0162,7,67,1981000,6636350,6636350,False
EMP0162,8,72,1985000,7146000,7146000,False
EMP0162,9,68,2000000,6800000,6800000,False
EMP0162,10,63,1996000,6287400,6287400,False
EMP0162,11,72,2041000,7347600,0,True
EMP0162,12,74,1966000,7274200,7274200,False
EMP0163,1,26,6363000,8271900,8271900,False
EMP0163,2,25,6800000,8500000,8500000,False
EMP0163,3,26,6507000,8459100,8459100,False
EMP0163,4,25,6147000,7683750,7683750,False
EMP0163,5,26,6356000,8262800,0,True
EMP0163,6,24,6363000,7635600,7635600,False
EMP0163,7,26,6592000,8569600,8569600,False
EMP0163,8,26,6111000,7944300,7944300,False
EMP0163,9,26,6641000,8633300,8633300,False
EMP0163,10,24,6325000,7590000,7590000,False
EMP0163,11,26,6403000,8323900,8323900,False
EMP0163,12,26,6187000,8043100,8043100,False
EMP0164,1,143,3184000,22765600,22765600,False
EMP0164,2,145,3275000,23743750,23743750,False
EMP0164,3,154,3170000,24409000,24409000,False
EMP0164,4,146,3188000,23272400,23272400,False
EMP0164,5,147,3240000,23814000,23814000,False
EMP0164,6,152,3132000,23803200,23803200,False
EMP0164,7,149,3339000,24875550,24875550,False
EMP0164,8,142,3128000,22208800,22208800,False
EMP0164,9,142,3250000,23075000,23075000,False
EMP0164,10,147,3151000,23159850,23159850,False
EMP0164,11,156,3116000,24304800,24304800,False
EMP0164,12,152,3168000,24076800,24076800,False
EMP0165,1,33,5192000,8566800,8566800,False
EMP0165,2,33,5364000,8850600,8850600,False
EMP0165,3,31,4877000,7559350,7559350,False
EMP0165,4,32,5248000,8396800,8396800,False
EMP0165,5,31,5199000,8058450,8058450,False
EMP0165,6,32,5365000,8584000,8584000,False
EMP0165,7,32,5449000,8718400,8718400,False
EMP0165,8,31,5219000,8089450,8089450,False
EMP0165,9,32,5152000,8243200,8243200,False
EMP0165,10,34,5190000,8823000,8823000,False
EMP0165,11,33,5160000,8514000,8514000,False
EMP0165,12,32,5189000,8302400,8302400,False
EMP0166,1,93,7992000,37162800,37162800,False
EMP0166,2,94,7835000,36824500,36824500,False
EMP0166,3,95,7878000,37420500,37420500,False
EMP0166,4,97,7534000,36539900,36539900,False
EMP0166,5,93,7942000,36930300,36930300,False
EMP0166,6,89,7835000,34865750,34865750,False
EMP0166,7,95,7822000,37154500,37154500,False
EMP0166,8,89,8349000,37153050,37153050,False
EMP0166,9,98,7649000,37480100,37480100,False
EMP0166,10,95,7676000,36461000,36461000,False
EMP0166,11,94,7976000,37487200,37487200,False
EMP0166,12,95,8238000,39130500,39130500,False
EMP0167,1,144,3271000,23551200,23551200,False
EMP0167,2,142,3224000,22890400,22890400,False
EMP0167,3,142,3238000,22989800,22989800,False
EMP0167,4,140,3215000,22505000,22505000,False
EMP0167,5,141,3161000,22285050,22285050,False
EMP0167,6,142,3087000,21917700,21917700,False
EMP0167,7,138,3421000,23604900,23604900,False
EMP0167,8,142,3248000,23060800,23060800,False
EMP0167,9,146,3341000,24389300,24389300,False
EMP0167,10,141,3043000,21453150,21453150,False
EMP0167,11,137,3205000,21954250,21954250,False
EMP0167,12,142,3059000,21718900,21718900,False
EMP0168,1,24,4795000,5754000,5754000,False
EMP0168,2,24,4598000,5517600,5517600,False
EMP0168,3,22,4817000,5298700,5298700,False
EMP0168,4,22,4798000,5277800,5277800,False
EMP0168,5,24,4741000,5689200,5689200,False
EMP0168,6,23,4754000,5467100,5467100,False
EMP0168,7,23,4831000,5555650,5555650,False
EMP0168,8,23,4510000,5186500,5186500,False
EMP0168,9,24,4642000,5570400,5570400,False
EMP0168,10,23,4412000,5073800,5073800,False
EMP0168,11,23,4292000,4935800,4935800,False
EMP0168,12,24,4855000,5826000,5826000,False
EMP0169,1,100,3671000,18355000,18355000,False
EMP0169,2,96,3851000,18484800,18484800,False
EMP0169,3,103,3661000,18854150,18854150,False
EMP0169,4,99,3599000,17815050,17815050,False
EMP0169,5,100,3745000,18725000,18725000,False
EMP0169,6,99,3584000,17740800,17740800,False
EMP0169,7,103,3893000,20048950,20048950,False
EMP0169,8,94,3730000,17531000,17531000,False
EMP0169,9,95,3701000,17579750,17579750,False
EMP0169,10,100,3989000,19945000,19945000,False
EMP0169,11,95,3847000,18273250,18273250,False
EMP0169,12,98,3700000,18130000,18130000,False
EMP0170,1,76,1750000,6650000,6650000,False
EMP0170,2,80,1709000,6836000,6836000,False
EMP0170,3,78,1558000,6076200,6076200,False
EMP0170,4,77,1616000,6221600,0,True
EMP0170,5,82,1752000,7183200,7183200,False
EMP0170,6,74,1759000,6508300,6508300,False
EMP0170,7,73,1711000,6245150,6245150,False
EMP0170,8,71,1594000,5658700,5658700,False
EMP0170,9,79,1617000,6387150,6387150,False
EMP0170,10,79,1621000,6402950,6402950,False
EMP0170,11,75,1554000,5827500,5827500,False
EMP0170,12,78,1727000,6735300,6735300,False
EMP0171,1,189,3432000,32432400,32432400,False
EMP0171,2,203,3241000,32896150,32896150,False
EMP0171,3,197,3182000,31342700,31342700,False
EMP0171,4,202,3373000,34067300,34067300,False
EMP0171,5,202,3354000,33875400,33875400,False
EMP0171,6,201,3413000,34300650,34300650,False
EMP0171,7,204,3183000,32466600,32466600,False
EMP0171,8,198,3285000,32521500,0,True
EMP0171,9,202,3348000,33814800,33814800,False
EMP0171,10,194,3417000,33144900,33144900,False
EMP0171,11,192,3290000,31584000,31584000,False
EMP0171,12,198,3289000,32561100,32561100,False
EMP0172,1,93,2028000,9430200,9430200,False
EMP0172,2,91,1834000,8344700,8344700,False
EMP0172,3,90,1860000,8370000,8370000,False
EMP0172,4,90,1894000,8523000,8523000,False
EMP0172,5,88,1861000,8188400,8188400,False
EMP0172,6,91,2008000,9136400,9136400,False
EMP0172,7,86,1925000,8277500,8277500,False
EMP0172,8,91,1830000,8326500,8326500,False
EMP0172,9,88,1939000,8531600,8531600,False
EMP0172,10,93,2000000,9300000,9300000,False
EMP0172,11,89,1965000,8744250,8744250,False
EMP0172,12,92,1825000,8395000,8395000,False
EMP0173,1,14,6398000,4478600,4478600,False
EMP0173,2,15,6231000,4673250,4673250,False
EMP0173,3,14,6120000,4284000,4284000,False
EMP0173,4,14,6270000,4389000,4389000,False
EMP0173,5,14,6047000,4232900,4232900,False
EMP0173,6,14,6084000,4258800,4258800,False
EMP0173,7,15,6054000,4540500,4540500,False
EMP0173,8,14,6649000,4654300,4654300,False
EMP0173,9,14,6413000,4489100,4489100,False
EMP0173,10,14,6321000,4424700,0,True
EMP0173,11,14,6349000,4444300,4444300,False
EMP0173,12,14,6242000,4369400,4369400,False
EMP0174,1,59,2078000,6130100,6130100,False
EMP0174,2,59,2374000,7003300,0,True
EMP0174,3,58,2235000,6481500,6481500,False
EMP0174,4,57,2083000,5936550,5936550,False
EMP0174,5,59,2135000,6298250,6298250,False
EMP0174,6,58,2356000,6832400,6832400,False
EMP0174,7,59,2274000,6708300,6708300,False
EMP0174,8,59,2240000,6608000,6608000,False
EMP0174,9,59,2205000,6504750,6504750,False
EMP0174,10,59,2239000,6605050,6605050,False
EMP0174,11,57,2171000,6187350,6187350,False
EMP0174,12,60,2261000,6783000,6783000,False
EMP0175,1,37,3441000,6365850,0,True
EMP0175,2,38,3593000,6826700,6826700,False
EMP0175,3,37,3508000,6489800,6489800,False
EMP0175,4,38,3640000,6916000,6916000,False
EMP0175,5,38,3478000,6608200,6608200,False
EMP0175,6,37,3719000,6880150,6880150,False
EMP0175,7,38,3615000,6868500,6868500,False
EMP0175,8,37,3520000,6512000,6512000,False
EMP0175,9,37,3670000,6789500,6789500,False
EMP0175,10,38,3583000,6807700,6807700,False
EMP0175,11,38,3396000,6452400,6452400,False
EMP0175,12,37,3550000,6567500,6567500,False
EMP0176,1,28,7621000,10669400,10669400,False
EMP0176,2,29,7190000,10425500,10425500,False
EMP0176,3,29,7928000,11495600,11495600,False
EMP0176,4,27,7922000,10694700,10694700,False
EMP0176,5,29,7712000,11182400,11182400,False
EMP0176,6,28,7967000,11153800,11153800,False
EMP0176,7,31,8290000,12849500,12849500,False
EMP0176,8,30,7744000,11616000,11616000,False
EMP0176,9,28,7398000,10357200,10357200,False
EMP0176,10,30,7756000,11634000,11634000,False
EMP0176,11,28,7335000,10269000,10269000,False
EMP0176,12,27,7831000,10571850,10571850,False
EMP0177,1,191,2905000,27742750,27742750,False
EMP0177,2,189,2632000,24872400,24872400,False
EMP0177,3,204,3011000,30712200,30712200,False
EMP0177,4,189,2809000,26545050,26545050,False
EMP0177,5,190,2854000,27113000,27113000,False
EMP0177,6,190,2790000,26505000,26505000,False
EMP0177,7,188,2872000,26996800,0,True
EMP0177,8,194,2951000,28624700,28624700,False
EMP0177,9,199,2683000,26695850,26695850,False
EMP0177,10,194,2997000,29070900,29070900,False
EMP0177,11,193,2957000,28535050,28535050,False
EMP0177,12,192,2862000,27475200,27475200,False
EMP0178,1,41,3459000,7090950,7090950,False
EMP0178,2,39,3374000,6579300,6579300,False
EMP0178,3,39,3426000,6680700,0,True
EMP0178,4,38,3580000,6802000,6802000,False
EMP0178,5,41,3456000,7084800,0,True
EMP0178,6,40,3577000,7154000,7154000,False
EMP0178,7,38,3606000,6851400,6851400,False
EMP0178,8,41,3571000,7320550,0,True
EMP0178,9,38,3568000,6779200,6779200,False
EMP0178,10,41,3479000,7131950,7131950,False
EMP0178,11,40,3528000,7056000,7056000,False
EMP0178,12,40,3625000,7250000,7250000,False
EMP0179,1,172,3232000,27795200,27795200,False
EMP0179,2,172,3086000,26539600,26539600,False
EMP0179,3,170,3095000,26307500,26307500,False
EMP0179,4,178,2958000,26326200,26326200,False
EMP0179,5,171,2969000,25384950,25384950,False
EMP0179,6,184,3090000,28428000,28428000,False
EMP0179,7,178,3200000,28480000,28480000,False
EMP0179,8,160,3259000,26072000,26072000,False
EMP0179,9,167,2965000,24757750,24757750,False
EMP0179,10,169,3097000,26169650,26169650,False
EMP0179,11,166,2957000,24543100,24543100,False
EMP0179,12,167,3079000,25709650,25709650,False
EMP0180,1,56,5083000,14232400,14232400,False
EMP0180,2,55,5304000,14586000,14586000,False
EMP0180,3,54,5260000,14202000,14202000,False
EMP0180,4,55,4944000,13596000,13596000,False
EMP0180,5,58,5001000,14502900,14502900,False
EMP0180,6,54,5227000,14112900,14112900,False
EMP0180,7,56,5226000,14632800,14632800,False
EMP0180,8,54,5154000,13915800,13915800,False
EMP0180,9,52,5257000,13668200,13668200,False
EMP0180,10,55,5324000,14641000,14641000,False
EMP0180,11,54,5373000,14507100,14507100,False
EMP0180,12,57,5344000,15230400,15230400,False
EMP0181,1,23,3767000,4332050,4332050,False
EMP0181,2,25,3725000,4656250,0,True
EMP0181,3,25,3762000,4702500,4702500,False
EMP0181,4,25,3830000,4787500,4787500,False
EMP0181,5,22,3662000,4028200,4028200,False
EMP0181,6,26,3956000,5142800,5142800,False
EMP0181,7,24,3905000,4686000,4686000,False
EMP0181,8,29,3866000,5605700,5605700,False
EMP0181,9,30,3882000,5823000,5823000,False
EMP0181,10,27,3996000,5394600,5394600,False
EMP0181,11,26,3918000,5093400,5093400,False
EMP0181,12,26,4156000,5402800,5402800,False
EMP0182,1,229,6042000,69180900,69180900,False
EMP0182,2,261,5948000,77621400,77621400,False
EMP0182,3,270,6107000,82444500,82444500,False
EMP0182,4,244,6134000,74834800,74834800,False
EMP0182,5,254,6338000,80492600,80492600,False
EMP0182,6,236,6257000,73832600,73832600,False
EMP0182,7,234,6274000,73405800,73405800,False
EMP0182,8,235,6128000,72004000,72004000,False
EMP0182,9,229,6112000,69982400,69982400,False
EMP0182,10,228,5958000,67921200,67921200,False
EMP0182,11,247,5729000,70753150,70753150,False
EMP0182,12,216,6166000,66592800,66592800,False
EMP0183,1,59,2850000,8407500,8407500,False
EMP0183,2,55,2906000,7991500,7991500,False
EMP0183,3,59,3068000,9050600,9050600,False
EMP0183,4,58,2811000,8151900,8151900,False
EMP0183,5,55,3021000,8307750,8307750,False
EMP0183,6,56,2998000,8394400,8394400,False
EMP0183,7,57,3027000,8626950,8626950,False
EMP0183,8,57,3088000,8800800,8800800,False
EMP0183,9,56,3119000,8733200,8733200,False
EMP0183,10,60,2893000,8679000,8679000,False
EMP0183,11,55,3211000,8830250,8830250,False
EMP0183,12,56,2980000,8344000,8344000,False
EMP0184,1,69,3173000,10946850,10946850,False
EMP0184,2,81,3292000,13332600,13332600,False
EMP0184,3,80,3062000,12248000,12248000,False
EMP0184,4,77,3054000,11757900,11757900,False
EMP0184,5,82,3185000,13058500,13058500,False
EMP0184,6,76,3268000,12418400,12418400,False
EMP0184,7,79,3188000,12592600,12592600,False
EMP0184,8,79,3097000,12233150,12233150,False
EMP0184,9,82,3112000,12759200,12759200,False
EMP0184,10,79,3136000,12387200,12387200,False
EMP0184,11,79,3124000,12339800,12339800,False
EMP0184,12,78,3308000,12901200,12901200,False
EMP0185,1,54,3161000,8534700,8534700,False
EMP0185,2,54,3346000,9034200,9034200,False
EMP0185,3,54,3295000,8896500,8896500,False
EMP0185,4,54,3011000,8129700,8129700,False
EMP0185,5,54,3234000,8731800,8731800,False
EMP0185,6,55,3284000,9031000,9031000,False
EMP0185,7,55,3264000,8976000,0,True
EMP0185,8,49,3243000,7945350,7945350,False
EMP0185,9,54,3292000,8888400,8888400,False
EMP0185,10,56,3273000,9164400,9164400,False
EMP0185,11,54,3143000,8486100,8486100,False
EMP0185,12,53,3336000,8840400,8840400,False
EMP0186,1,231,3559000,41106450,41106450,False
EMP0186,2,243,3442000,41820300,41820300,False
EMP0186,3,224,3333000,37329600,37329600,False
EMP0186,4,235,3600000,42300000,42300000,False
EMP0186,5,231,3454000,39893700,39893700,False
EMP0186,6,231,3421000,39512550,39512550,False
EMP0186,7,230,3597000,41365500,0,True
EMP0186,8,229,3603000,41254350,41254350,False
EMP0186,9,245,3620000,44345000,44345000,False
EMP0186,10,223,3712000,41388800,41388800,False
EMP0186,11,232,3574000,41458400,41458400,False
EMP0186,12,245,3408000,41748000,0,True
EMP0187,1,189,2457000,23218650,23218650,False
EMP0187,2,188,2374000,22315600,22315600,False
EMP0187,3,198,2397000,23730300,23730300,False
EMP0187,4,192,2437000,23395200,23395200,False
EMP0187,5,181,2381000,21548050,21548050,False
EMP0187,6,197,2463000,24260550,0,True
EMP0187,7,176,2306000,20292800,20292800,False
EMP0187,8,201,2387000,23989350,23989350,False
EMP0187,9,186,2441000,22701300,22701300,False
EMP0187,10,187,2387000,22318450,22318450,False
EMP0187,11,189,2515000,23766750,23766750,False
EMP0187,12,197,2457000,24201450,24201450,False
EMP0188,1,82,4985000,20438500,20438500,False
EMP0188,2,82,4825000,19782500,19782500,False
EMP0188,3,78,5146000,20069400,20069400,False
EMP0188,4,83,5073000,21052950,21052950,False
EMP0188,5,84,5076000,21319200,21319200,False
EMP0188,6,82,5116000,20975600,20975600,False
EMP0188,7,87,4845000,21075750,21075750,False
EMP0188,8,79,5282000,20863900,20863900,False
EMP0188,9,83,5077000,21069550,21069550,False
EMP0188,10,85,5227000,22214750,22214750,False
EMP0188,11,82,5168000,21188800,21188800,False
EMP0188,12,82,4999000,20495900,20495900,False
EMP0189,1,26,3552000,4617600,4617600,False
EMP0189,2,26,3715000,4829500,4829500,False
EMP0189,3,27,3702000,4997700,4997700,False
EMP0189,4,27,3383000,4567050,0,True
EMP0189,5,25,3594000,4492500,4492500,False
EMP0189,6,26,3505000,4556500,4556500,False
EMP0189,7,26,3537000,4598100,4598100,False
EMP0189,8,25,3588000,4485000,4485000,False
EMP0189,9,27,3392000,4579200,4579200,False
EMP0189,10,26,3340000,4342000,4342000,False
EMP0189,11,26,3356000,4362800,4362800,False
EMP0189,12,25,3405000,4256250,4256250,False
EMP0190,1,63,5328000,16783200,16783200,False
EMP0190,2,62,5586000,17316600,17316600,False
EMP0190,3,62,5163000,16005300,16005300,False
EMP0190,4,65,5127000,16662750,16662750,False
EMP0190,5,63,5284000,16644600,16644600,False
EMP0190,6,64,5426000,17363200,17363200,False
EMP0190,7,59,5678000,16750100,16750100,False
EMP0190,8,64,5495000,17584000,17584000,False
EMP0190,9,60,5583000,16749000,16749000,False
EMP0190,10,57,5440000,15504000,0,True
EMP0190,11,59,5394000,15912300,15912300,False
EMP0190,12,60,5225000,15675000,15675000,False
EMP0191,1,51,2837000,7234350,7234350,False
EMP0191,2,56,2602000,7285600,7285600,False
EMP0191,3,56,2546000,7128800,7128800,False
EMP0191,4,54,2457000,6633900,6633900,False
EMP0191,5,54,2796000,7549200,7549200,False
EMP0191,6,55,2609000,7174750,7174750,False
EMP0191,7,56,2418000,6770400,6770400,False
EMP0191,8,54,2844000,7678800,7678800,False
EMP0191,9,55,2355000,6476250,6476250,False
EMP0191,10,50,2730000,6825000,6825000,False
EMP0191,11,51,2694000,6869700,6869700,False
EMP0191,12,53,2701000,7157650,7157650,False
EMP0192,1,293,4316000,63229400,63229400,False
EMP0192,2,290,4079000,59145500,59145500,False
EMP0192,3,288,4171000,60062400,60062400,False
EMP0192,4,282,4353000,61377300,61377300,False
EMP0192,5,279,4191000,58464450,58464450,False
EMP0192,6,297,4017000,59652450,59652450,False
EMP0192,7,300,4079000,61185000,61185000,False
EMP0192,8,287,4384000,62910400,62910400,False
EMP0192,9,280,4467000,62538000,62538000,False
EMP0192,10,284,4179000,59341800,59341800,False
EMP0192,11,299,4361000,65196950,65196950,False
EMP0192,12,295,4302000,63454500,63454500,False
EMP0193,1,95,2423000,11509250,11509250,False
EMP0193,2,91,2465000,11215750,11215750,False
EMP0193,3,87,2580000,11223000,11223000,False
EMP0193,4,91,2415000,10988250,10988250,False
EMP0193,5,89,2462000,10955900,10955900,False
EMP0193,6,92,2348000,10800800,10800800,False
EMP0193,7,97,2442000,11843700,11843700,False
EMP0193,8,86,2392000,10285600,10285600,False
EMP0193,9,93,2273000,10569450,10569450,False
EMP0193,10,93,2535000,11787750,11787750,False
EMP0193,11,85,2361000,10034250,10034250,False
EMP0193,12,94,2230000,10481000,0,True
EMP0194,1,140,2166000,15162000,15162000,False
EMP0194,2,142,2286000,16230600,16230600,False
EMP0194,3,132,2286000,15087600,15087600,False
EMP0194,4,141,2466000,17385300,17385300,False
EMP0194,5,134,2105000,14103500,14103500,False
EMP0194,6,143,2208000,15787200,15787200,False
EMP0194,7,139,2381000,16547950,16547950,False
EMP0194,8,135,2284000,15417000,15417000,False
EMP0194,9,134,2307000,15456900,15456900,False
EMP0194,10,145,2309000,16740250,16740250,False
EMP0194,11,132,2315000,15279000,15279000,False
EMP0194,12,138,2326000,16049400,0,True
EMP0195,1,275,2352000,32340000,32340000,False
EMP0195,2,278,2169000,30149100,30149100,False
EMP0195,3,255,2230000,28432500,28432500,False
EMP0195,4,274,2189000,29989300,29989300,False
EMP0195,5,264,2257000,29792400,29792400,False
EMP0195,6,292,2299000,33565400,33565400,False
EMP0195,7,252,2247000,28312200,28312200,False
EMP0195,8,267,2301000,30718350,30718350,False
EMP0195,9,280,2218000,31052000,31052000,False
EMP0195,10,269,2332000,31365400,31365400,False
EMP0195,11,267,2343000,31279050,31279050,False
EMP0195,12,271,2333000,31612150,31612150,False
EMP0196,1,97,2330000,11300500,11300500,False
EMP0196,2,98,2490000,12201000,12201000,False
EMP0196,3,92,2495000,11477000,11477000,False
EMP0196,4,93,2478000,11522700,11522700,False
EMP0196,5,94,2680000,12596000,12596000,False
EMP0196,6,96,2490000,11952000,11952000,False
EMP0196,7,90,2414000,10863000,10863000,False
EMP0196,8,95,2618000,12435500,12435500,False
EMP0196,9,93,2429000,11294850,11294850,False
EMP0196,10,98,2501000,12254900,12254900,False
EMP0196,11,99,2570000,12721500,12721500,False
EMP0196,12,95,2471000,11737250,11737250,False
EMP0197,1,232,4408000,51132800,51132800,False
EMP0197,2,237,4487000,53170950,53170950,False
EMP0197,3,238,4308000,51265200,51265200,False
EMP0197,4,207,4415000,45695250,45695250,False
EMP0197,5,234,4163000,48707100,48707100,False
EMP0197,6,234,4288000,50169600,50169600,False
EMP0197,7,227,4420000,50167000,50167000,False
EMP0197,8,238,4436000,52788400,52788400,False
EMP0197,9,228,4508000,51391200,51391200,False
EMP0197,10,230,4373000,50289500,50289500,False
EMP0197,11,223,4179000,46595850,46595850,False
EMP0197,12,238,4187000,49825300,49825300,False
EMP0198,1,86,4591000,19741300,19741300,False
EMP0198,2,88,4746000,20882400,20882400,False
EMP0198,3,84,4794000,20134800,20134800,False
EMP0198,4,88,4748000,20891200,20891200,False
EMP0198,5,85,4922000,20918500,20918500,False
EMP0198,6,90,4915000,22117500,22117500,False
EMP0198,7,92,4801000,22084600,22084600,False
EMP0198,8,86,4900000,21070000,21070000,False
EMP0198,9,84,4711000,19786200,19786200,False
EMP0198,10,86,5082000,21852600,0,True
EMP0198,11,87,4909000,21354150,21354150,False
EMP0198,12,90,4484000,20178000,20178000,False
EMP0199,1,134,3091000,20709700,20709700,False
EMP0199,2,134,3149000,21098300,21098300,False
EMP0199,3,135,2990000,20182500,20182500,False
EMP0199,4,137,2999000,20543150,20543150,False
EMP0199,5,131,3329000,21804950,21804950,False
EMP0199,6,133,3199000,21273350,21273350,False
EMP0199,7,136,3345000,22746000,22746000,False
EMP0199,8,136,3086000,20984800,20984800,False
EMP0199,9,123,3133000,19267950,19267950,False
EMP0199,10,134,3256000,21815200,21815200,False
EMP0199,11,131,3372000,22086600,22086600,False
EMP0199,12,143,3189000,22801350,22801350,False
EMP0200,1,9,5197000,2338650,2338650,False
EMP0200,2,9,5150000,2317500,2317500,False
EMP0200,3,9,5277000,2374650,2374650,False
EMP0200,4,9,5660000,2547000,2547000,False
EMP0200,5,10,5345000,2672500,2672500,False
EMP0200,6,10,5318000,2659000,2659000,False
EMP0200,7,9,5442000,2448900,2448900,False
EMP0200,8,10,5340000,2670000,0,True
EMP0200,9,9,5319000,2393550,2393550,False
EMP0200,10,10,5539000,2769500,2769500,False
EMP0200,11,10,5452000,2726000,2726000,False
EMP0200,12,9,5334000,2400300,2400300,False
EMP0201,1,110,2343000,12886500,12886500,False
EMP0201,2,103,2502000,12885300,12885300,False
EMP0201,3,101,2336000,11796800,11796800,False
EMP0201,4,108,2335000,12609000,12609000,False
EMP0201,5,105,2370000,12442500,12442500,False
EMP0201,6,112,2328000,13036800,13036800,False
EMP0201,7,102,2328000,11872800,11872800,False
EMP0201,8,104,2376000,12355200,12355200,False
EMP0201,9,113,2351000,13283150,13283150,False
EMP0201,10,105,2393000,12563250,12563250,False
EMP0201,11,106,2354000,12476200,12476200,False
EMP0201,12,103,2263000,11654450,11654450,False
EMP0202,1,190,3595000,34152500,34152500,False
EMP0202,2,190,3569000,33905500,33905500,False
EMP0202,3,192,3521000,33801600,33801600,False
EMP0202,4,195,3457000,33705750,33705750,False
EMP0202,5,196,3402000,33339600,33339600,False
EMP0202,6,194,3618000,35094600,35094600,False
EMP0202,7,192,3435000,32976000,32976000,False
EMP0202,8,181,3627000,32824350,32824350,False
EMP0202,9,187,3443000,32192050,32192050,False
EMP0202,10,206,3614000,37224200,37224200,False
EMP0202,11,184,3537000,32540400,32540400,False
EMP0202,12,190,3537000,33601500,33601500,False
EMP0203,1,129,3816000,24613200,24613200,False
EMP0203,2,130,3787000,24615500,24615500,False
EMP0203,3,128,3843000,24595200,24595200,False
EMP0203,4,129,3830000,24703500,24703500,False
EMP0203,5,128,3849000,24633600,24633600,False
EMP0203,6,131,3877000,25394350,25394350,False
EMP0203,7,125,3871000,24193750,24193750,False
EMP0203,8,124,3972000,24626400,24626400,False
EMP0203,9,128,3854000,24665600,24665600,False
EMP0203,10,127,3670000,23304500,23304500,False
EMP0203,11,132,4088000,26980800,26980800,False
EMP0203,12,134,4015000,26900500,26900500,False
EMP0204,1,169,2116000,17880200,17880200,False
EMP0204,2,164,2219000,18195800,18195800,False
EMP0204,3,159,2147000,17068650,17068650,False
EMP0204,4,166,2097000,17405100,17405100,False
EMP0204,5,169,2107000,17804150,17804150,False
EMP0204,6,167,2086000,17418100,17418100,False
EMP0204,7,176,1989000,17503200,17503200,False
EMP0204,8,161,2099000,16896950,16896950,False
EMP0204,9,160,2043000,16344000,0,True
EMP0204,10,173,2035000,17602750,17602750,False
EMP0204,11,162,2133000,17277300,17277300,False
EMP0204,12,156,2075000,16185000,16185000,False
EMP0205,1,285,5209000,74228250,74228250,False
EMP0205,2,280,5466000,76524000,76524000,False
EMP0205,3,293,5110000,74861500,74861500,False
EMP0205,4,305,5256000,80154000,80154000,False
EMP0205,5,287,5092000,73070200,73070200,False
EMP0205,6,302,4959000,74880900,74880900,False
EMP0205,7,287,5142000,73787700,73787700,False
EMP0205,8,282,5005000,70570500,70570500,False
EMP0205,9,291,4989000,72589950,72589950,False
EMP0205,10,287,5002000,71778700,71778700,False
EMP0205,11,304,5178000,78705600,78705600,False
EMP0205,12,281,4963000,69730150,69730150,False
EMP0206,1,21,4824000,5065200,5065200,False
EMP0206,2,20,4821000,4821000,4821000,False
EMP0206,3,21,5253000,5515650,5515650,False
EMP0206,4,22,5047000,5551700,5551700,False
EMP0206,5,21,4899000,5143950,5143950,False
EMP0206,6,21,4988000,5237400,0,True
EMP0206,7,22,4741000,5215100,5215100,False
EMP0206,8,21,4745000,4982250,4982250,False
EMP0206,9,20,5045000,5045000,5045000,False
EMP0206,10,21,5115000,5370750,5370750,False
EMP0206,11,21,4760000,4998000,4998000,False
EMP0206,12,22,5063000,5569300,5569300,False
EMP0207,1,57,6714000,19134900,19134900,False
EMP0207,2,55,6599000,18147250,18147250,False
EMP0207,3,55,6959000,19137250,0,True
EMP0207,4,53,6827000,18091550,18091550,False
EMP0207,5,58,6750000,19575000,19575000,False
EMP0207,6,59,6578000,19405100,19405100,False
EMP0207,7,55,6543000,17993250,17993250,False
EMP0207,8,57,7002000,19955700,19955700,False
EMP0207,9,56,6796000,19028800,19028800,False
EMP0207,10,57,6578000,18747300,18747300,False
EMP0207,11,56,6706000,18776800,18776800,False
EMP0207,12,58,6825000,19792500,19792500,False
EMP0208,1,428,2583000,55276200,55276200,False
EMP0208,2,430,2620000,56330000,56330000,False
EMP0208,3,426,2563000,54591900,54591900,False
EMP0208,4,436,2429000,52952200,52952200,False
EMP0208,5,406,2534000,51440200,51440200,False
EMP0208,6,431,2597000,55965350,55965350,False
EMP0208,7,438,2489000,54509100,54509100,False
EMP0208,8,433,2499000,54103350,54103350,False
EMP0208,9,446,2626000,58559800,58559800,False
EMP0208,10,422,2512000,53003200,53003200,False
EMP0208,11,448,2755000,61712000,61712000,False
EMP0208,12,427,2592000,55339200,55339200,False
EMP0209,1,45,2747000,6180750,6180750,False
EMP0209,2,51,2737000,6979350,6979350,False
EMP0209,3,49,2564000,6281800,6281800,False
EMP0209,4,50,2716000,6790000,6790000,False
EMP0209,5,46,2717000,6249100,6249100,False
EMP0209,6,50,2792000,6980000,6980000,False
EMP0209,7,51,2706000,6900300,6900300,False
EMP0209,8,47,2648000,6222800,6222800,False
EMP0209,9,47,2784000,6542400,6542400,False
EMP0209,10,51,2732000,6966600,6966600,False
EMP0209,11,50,2682000,6705000,6705000,False
EMP0209,12,50,2734000,6835000,6835000,False
EMP0210,1,74,5595000,20701500,20701500,False
EMP0210,2,75,5786000,21697500,21697500,False
EMP0210,3,76,5836000,22176800,22176800,False
EMP0210,4,78,5841000,22779900,22779900,False
EMP0210,5,75,5450000,20437500,20437500,False
EMP0210,6,77,5940000,22869000,22869000,False
EMP0210,7,80,5779000,23116000,23116000,False
EMP0210,8,72,5727000,20617200,20617200,False
EMP0210,9,76,5684000,21599200,21599200,False
EMP0210,10,75,5833000,21873750,21873750,False
EMP0210,11,76,5878000,22336400,22336400,False
EMP0210,12,77,5959000,22942150,22942150,False
EMP0211,1,129,3973000,25625850,25625850,False
EMP0211,2,124,4140000,25668000,0,True
EMP0211,3,127,4000000,25400000,25400000,False
EMP0211,4,132,3929000,25931400,25931400,False
EMP0211,5,132,3898000,25726800,25726800,False
EMP0211,6,135,4278000,28876500,28876500,False
EMP0211,7,130,4166000,27079000,27079000,False
EMP0211,8,138,3776000,26054400,26054400,False
EMP0211,9,132,4030000,26598000,26598000,False
EMP0211,10,128,4089000,26169600,26169600,False
EMP0211,11,127,4003000,25419050,25419050,False
EMP0211,12,126,4194000,26422200,26422200,False
EMP0212,1,139,4257000,29586150,29586150,False
EMP0212,2,153,4184000,32007600,32007600,False
EMP0212,3,151,4076000,30773800,30773800,False
EMP0212,4,146,4246000,30995800,30995800,False
EMP0212,5,153,4158000,31808700,31808700,False
EMP0212,6,149,3987000,29703150,29703150,False
EMP0212,7,153,4334000,33155100,33155100,False
EMP0212,8,150,4577000,34327500,34327500,False
EMP0212,9,149,4200000,31290000,31290000,False
EMP0212,10,147,4485000,32964750,32964750,False
EMP0212,11,154,4336000,33387200,33387200,False
EMP0212,12,150,4292000,32190000,32190000,False
EMP0213,1,40,3443000,6886000,6886000,False
EMP0213,2,39,3602000,7023900,7023900,False
EMP0213,3,41,3433000,7037650,7037650,False
EMP0213,4,41,3632000,7445600,7445600,False
EMP0213,5,39,3403000,6635850,6635850,False
EMP0213,6,40,3435000,6870000,6870000,False
EMP0213,7,42,3488000,7324800,7324800,False
EMP0213,8,39,3635000,7088250,7088250,False
EMP0213,9,40,3611000,7222000,7222000,False
EMP0213,10,43,3572000,7679800,7679800,False
EMP0213,11,41,3823000,7837150,7837150,False
EMP0213,12,39,3649000,7115550,7115550,False
EMP0214,1,122,3028000,18470800,18470800,False
EMP0214,2,124,3165000,19623000,19623000,False
EMP0214,3,128,2918000,18675200,18675200,False
EMP0214,4,122,3185000,19428500,19428500,False
EMP0214,5,127,3121000,19818350,19818350,False
EMP0214,6,124,3128000,19393600,19393600,False
EMP0214,7,120,3002000,18012000,18012000,False
EMP0214,8,127,2859000,18154650,18154650,False
EMP0214,9,130,2986000,19409000,19409000,False
EMP0214,10,124,3050000,18910000,18910000,False
EMP0214,11,127,2881000,18294350,18294350,False
EMP0214,12,125,3009000,18806250,18806250,False
EMP0215,1,166,3481000,28892300,28892300,False
EMP0215,2,170,3518000,29903000,29903000,False
EMP0215,3,169,3258000,27530100,27530100,False
EMP0215,4,165,3434000,28330500,28330500,False
EMP0215,5,165,3519000,29031750,29031750,False
EMP0215,6,165,3310000,27307500,27307500,False
EMP0215,7,156,3493000,27245400,27245400,False
EMP0215,8,163,3552000,28948800,0,True
EMP0215,9,157,3383000,26556550,26556550,False
EMP0215,10,157,3468000,27223800,27223800,False
EMP0215,11,167,3521000,29400350,0,True
EMP0215,12,164,3339000,27379800,27379800,False
EMP0216,1,331,2963000,49037650,49037650,False
EMP0216,2,316,2962000,46799600,46799600,False
EMP0216,3,326,2942000,47954600,47954600,False
EMP0216,4,325,2956000,48035000,48035000,False
EMP0216,5,316,2913000,46025400,46025400,False
EMP0216,6,330,3026000,49929000,49929000,False
EMP0216,7,327,2814000,46008900,46008900,False
EMP0216,8,323,3043000,49144450,49144450,False
EMP0216,9,328,2879000,47215600,47215600,False
EMP0216,10,333,2945000,49034250,49034250,False
EMP0216,11,335,3020000,50585000,50585000,False
EMP0216,12,313,3016000,47200400,47200400,False
EMP0217,1,156,6686000,52150800,52150800,False
EMP0217,2,169,6693000,56555850,56555850,False
EMP0217,3,173,6752000,58404800,58404800,False
EMP0217,4,162,6716000,54399600,54399600,False
EMP0217,5,163,6835000,55705250,55705250,False
EMP0217,6,160,6254000,50032000,50032000,False
EMP0217,7,174,7083000,61622100,0,True
EMP0217,8,162,6625000,53662500,53662500,False
EMP0217,9,158,6554000,51776600,51776600,False
EMP0217,10,160,6519000,52152000,52152000,False
EMP0217,11,167,6544000,54642400,0,True
EMP0217,12,169,7064000,59690800,59690800,False
EMP0218,1,152,1823000,13854800,13854800,False
EMP0218,2,160,1923000,15384000,15384000,False
EMP0218,3,164,1815000,14883000,0,True
EMP0218,4,160,1828000,14624000,14624000,False
EMP0218,5,153,1860000,14229000,0,True
EMP0218,6,157,1927000,15126950,15126950,False
EMP0218,7,147,1917000,14089950,14089950,False
EMP0218,8,163,2014000,16414100,16414100,False
EMP0218,9,150,1935000,14512500,14512500,False
EMP0218,10,158,1880000,14852000,14852000,False
EMP0218,11,154,1909000,14699300,14699300,False
EMP0218,12,158,1886000,14899400,14899400,False
EMP0219,1,163,3873000,31564950,31564950,False
EMP0219,2,153,3848000,29437200,29437200,False
EMP0219,3,154,3660000,28182000,28182000,False
EMP0219,4,162,3529000,28584900,28584900,False
EMP0219,5,171,3727000,31865850,31865850,False
EMP0219,6,170,3875000,32937500,32937500,False
EMP0219,7,144,3985000,28692000,28692000,False
EMP0219,8,180,3688000,33192000,33192000,False
EMP0219,9,163,3748000,30546200,30546200,False
EMP0219,10,171,3770000,32233500,32233500,False
EMP0219,11,167,3750000,31312500,31312500,False
EMP0219,12,170,3929000,33396500,33396500,False
EMP0220,1,73,2251000,8216150,0,True
EMP0220,2,72,2303000,8290800,8290800,False
EMP0220,3,70,2393000,8375500,8375500,False
EMP0220,4,73,2373000,8661450,8661450,False
EMP0220,5,75,2327000,8726250,8726250,False
EMP0220,6,76,2335000,8873000,8873000,False
EMP0220,7,72,2355000,8478000,8478000,False
EMP0220,8,77,2300000,8855000,8855000,False
EMP0220,9,76,2292000,8709600,8709600,False
EMP0220,10,75,2199000,8246250,8246250,False
EMP0220,11,75,2310000,8662500,8662500,False
EMP0220,12,69,2184000,7534800,7534800,False
EMP0221,1,55,4663000,12823250,12823250,False
EMP0221,2,53,4585000,12150250,12150250,False
EMP0221,3,52,4531000,11780600,11780600,False
EMP0221,4,55,4558000,12534500,12534500,False
EMP0221,5,57,4483000,12776550,12776550,False
EMP0221,6,52,4459000,11593400,11593400,False
EMP0221,7,55,4643000,12768250,12768250,False
EMP0221,8,58,4454000,12916600,12916600,False
EMP0221,9,53,4460000,11819000,11819000,False
EMP0221,10,55,4734000,13018500,13018500,False
EMP0221,11,55,4858000,13359500,13359500,False
EMP0221,12,52,4706000,12235600,12235600,False
EMP0222,1,54,5755000,15538500,15538500,False
EMP0222,2,54,5970000,16119000,16119000,False
EMP0222,3,53,5564000,14744600,14744600,False
EMP0222,4,55,5851000,16090250,16090250,False
EMP0222,5,50,5865000,14662500,14662500,False
EMP0222,6,55,5653000,15545750,15545750,False
EMP0222,7,55,6215000,17091250,17091250,False
EMP0222,8,55,5854000,16098500,16098500,False
EMP0222,9,52,5336000,13873600,13873600,False
EMP0222,10,57,5860000,16701000,16701000,False
EMP0222,11,52,5750000,14950000,14950000,False
EMP0222,12,55,5687000,15639250,15639250,False
EMP0223,1,206,2071000,21331300,21331300,False
EMP0223,2,218,2147000,23402300,23402300,False
EMP0223,3,224,2139000,23956800,23956800,False
EMP0223,4,216,2338000,25250400,25250400,False
EMP0223,5,212,2064000,21878400,21878400,False
EMP0223,6,206,2153000,22175900,22175900,False
EMP0223,7,220,2042000,22462000,22462000,False
EMP0223,8,223,2288000,25511200,25511200,False
EMP0223,9,217,2084000,22611400,22611400,False
EMP0223,10,213,2189000,23312850,23312850,False
EMP0223,11,234,2161000,25283700,25283700,False
EMP0223,12,216,2079000,22453200,22453200,False
EMP0224,1,26,3486000,4531800,4531800,False
EMP0224,2,28,3461000,4845400,0,True
EMP0224,3,28,3181000,4453400,4453400,False
EMP0224,4,27,3204000,4325400,4325400,False
EMP0224,5,27,3414000,4608900,4608900,False
EMP0224,6,28,3405000,4767000,4767000,False
EMP0224,7,27,3272000,4417200,4417200,False
EMP0224,8,29,3402000,4932900,4932900,False
EMP0224,9,26,3543000,4605900,4605900,False
EMP0224,10,28,3408000,4771200,4771200,False
EMP0224,11,28,3419000,4786600,4786600,False
EMP0224,12,28,3221000,4509400,4509400,False
EMP0225,1,359,2789000,50062550,50062550,False
EMP0225,2,347,2876000,49898600,0,True
EMP0225,3,349,2868000,50046600,50046600,False
EMP0225,4,341,2967000,50587350,50587350,False
EMP0225,5,347,2832000,49135200,49135200,False
EMP0225,6,334,2829000,47244300,47244300,False
EMP0225,7,361,2902000,52381100,52381100,False
EMP0225,8,344,2950000,50740000,50740000,False
EMP0225,9,349,2872000,50116400,50116400,False
EMP0225,10,379,2837000,53761150,53761150,False
EMP0225,11,328,2806000,46018400,46018400,False
EMP0225,12,359,2822000,50654900,50654900,False
EMP0226,1,54,6289000,16980300,16980300,False
EMP0226,2,56,6241000,17474800,17474800,False
EMP0226,3,56,6369000,17833200,17833200,False
EMP0226,4,50,6080000,15200000,15200000,False
EMP0226,5,53,6455000,17105750,17105750,False
EMP0226,6,52,6041000,15706600,15706600,False
EMP0226,7,53,6777000,17959050,17959050,False
EMP0226,8,50,6386000,15965000,15965000,False
EMP0226,9,53,6401000,16962650,16962650,False
EMP0226,10,49,6447000,15795150,15795150,False
EMP0226,11,52,6553000,17037800,17037800,False
EMP0226,12,53,6239000,16533350,16533350,False
EMP0227,1,217,4587000,49768950,49768950,False
EMP0227,2,212,4647000,49258200,49258200,False
EMP0227,3,198,4659000,46124100,46124100,False
EMP0227,4,204,4753000,48480600,48480600,False
EMP0227,5,210,4925000,51712500,51712500,False
EMP0227,6,216,4710000,50868000,50868000,False
EMP0227,7,224,4772000,53446400,53446400,False
EMP0227,8,204,4738000,48327600,48327600,False
EMP0227,9,203,4717000,47877550,0,True
EMP0227,10,216,4719000,50965200,50965200,False
EMP0227,11,217,4582000,49714700,49714700,False
EMP0227,12,209,4820000,50369000,50369000,False
EMP0228,1,44,7731000,17008200,17008200,False
EMP0228,2,45,8244000,18549000,18549000,False
EMP0228,3,45,8784000,19764000,19764000,False
EMP0228,4,47,8584000,20172400,20172400,False
EMP0228,5,45,8601000,19352250,19352250,False
EMP0228,6,47,8395000,19728250,19728250,False
EMP0228,7,46,8365000,19239500,19239500,False
EMP0228,8,44,8400000,18480000,18480000,False
EMP0228,9,47,8122000,19086700,19086700,False
EMP0228,10,45,8659000,19482750,19482750,False
EMP0228,11,45,8108000,18243000,18243000,False
EMP0228,12,45,8297000,18668250,18668250,False
EMP0229,1,32,8962000,14339200,14339200,False
EMP0229,2,34,8743000,14863100,14863100,False
EMP0229,3,33,8853000,14607450,14607450,False
EMP0229,4,35,8334000,14584500,14584500,False
EMP0229,5,33,8445000,13934250,13934250,False
EMP0229,6,34,8779000,14924300,14924300,False
EMP0229,7,34,8675000,14747500,14747500,False
EMP0229,8,33,8745000,14429250,14429250,False
EMP0229,9,32,8858000,14172800,14172800,False
EMP0229,10,35,8278000,14486500,14486500,False
EMP0229,11,33,8388000,13840200,13840200,False
EMP0229,12,35,8676000,15183000,15183000,False
EMP0230,1,94,4918000,23114600,23114600,False
EMP0230,2,89,5003000,22263350,22263350,False
EMP0230,3,94,5177000,24331900,24331900,False
EMP0230,4,90,4892000,22014000,22014000,False
EMP0230,5,96,4827000,23169600,23169600,False
EMP0230,6,96,4998000,23990400,23990400,False
EMP0230,7,96,5079000,24379200,24379200,False
EMP0230,8,92,4922000,22641200,22641200,False
EMP0230,9,98,5060000,24794000,24794000,False
EMP0230,10,98,4806000,23549400,23549400,False
EMP0230,11,94,5322000,25013400,25013400,False
EMP0230,12,94,4912000,23086400,23086400,False
EMP0231,1,203,3834000,38915100,38915100,False
EMP0231,2,201,3653000,36712650,36712650,False
EMP0231,3,195,3783000,36884250,36884250,False
EMP0231,4,198,3821000,37827900,37827900,False
EMP0231,5,192,3701000,35529600,35529600,False
EMP0231,6,196,3689000,36152200,36152200,False
EMP0231,7,199,3847000,38277650,38277650,False
EMP0231,8,195,3747000,36533250,36533250,False
EMP0231,9,205,3717000,38099250,38099250,False
EMP0231,10,188,3695000,34733000,34733000,False
EMP0231,11,209,3799000,39699550,39699550,False
EMP0231,12,191,3847000,36738850,36738850,False
EMP0232,1,183,2574000,23552100,23552100,False
EMP0232,2,188,2525000,23735000,23735000,False
EMP0232,3,178,2383000,21208700,21208700,False
EMP0232,4,178,2476000,22036400,22036400,False
EMP0232,5,179,2574000,23037300,23037300,False
EMP0232,6,172,2425000,20855000,20855000,False
EMP0232,7,183,2463000,22536450,22536450,False
EMP0232,8,181,2469000,22344450,22344450,False
EMP0232,9,187,2524000,23599400,23599400,False
EMP0232,10,183,2507000,22939050,22939050,False
EMP0232,11,179,2597000,23243150,23243150,False
EMP0232,12,188,2630000,24722000,24722000,False
EMP0233,1,6,3342000,1002600,1002600,False
EMP0233,2,6,3064000,919200,919200,False
EMP0233,3,6,3065000,919500,919500,False
EMP0233,4,6,3067000,920100,920100,False
EMP0233,5,6,2871000,861300,861300,False
EMP0233,6,6,3146000,943800,943800,False
EMP0233,7,6,3016000,904800,904800,False
EMP0233,8,6,3237000,971100,971100,False
EMP0233,9,6,3196000,958800,958800,False
EMP0233,10,6,3035000,910500,910500,False
EMP0233,11,6,3100000,930000,930000,False
EMP0233,12,6,3009000,902700,902700,False
EMP0234,1,189,4320000,40824000,40824000,False
EMP0234,2,194,4505000,43698500,43698500,False
EMP0234,3,197,4578000,45093300,45093300,False
EMP0234,4,187,4474000,41831900,41831900,False
EMP0234,5,186,4195000,39013500,39013500,False
EMP0234,6,191,4447000,42468850,42468850,False
EMP0234,7,197,4427000,43605950,43605950,False
EMP0234,8,193,4263000,41137950,41137950,False
EMP0234,9,194,4333000,42030100,42030100,False
EMP0234,10,191,4272000,40797600,40797600,False
EMP0234,11,188,4640000,43616000,43616000,False
EMP0234,12,191,4600000,43930000,43930000,False
EMP0235,1,193,1486000,14339900,14339900,False
EMP0235,2,197,1507000,14843950,14843950,False
EMP0235,3,191,1548000,14783400,14783400,False
EMP0235,4,191,1364000,13026200,13026200,False
EMP0235,5,201,1488000,14954400,14954400,False
EMP0235,6,195,1393000,13581750,13581750,False
EMP0235,7,194,1481000,14365700,14365700,False
EMP0235,8,194,1546000,14996200,14996200,False
EMP0235,9,203,1282000,13012300,13012300,False
EMP0235,10,196,1604000,15719200,15719200,False
EMP0235,11,202,1550000,15655000,15655000,False
EMP0235,12,195,1478000,14410500,14410500,False
EMP0236,1,60,4245000,12735000,12735000,False
EMP0236,2,60,4365000,13095000,13095000,False
EMP0236,3,61,4435000,13526750,13526750,False
EMP0236,4,57,4134000,11781900,11781900,False
EMP0236,5,59,4037000,11909150,11909150,False
EMP0236,6,61,4339000,13233950,13233950,False
EMP0236,7,57,4304000,12266400,12266400,False
EMP0236,8,59,4343000,12811850,12811850,False
EMP0236,9,57,4294000,12237900,12237900,False
EMP0236,10,59,4376000,12909200,12909200,False
EMP0236,11,61,4320000,13176000,13176000,False
EMP0236,12,58,4041000,11718900,11718900,False
EMP0237,1,55,2686000,7386500,7386500,False
EMP0237,2,56,2822000,7901600,7901600,False
EMP0237,3,53,2892000,7663800,7663800,False
EMP0237,4,51,2940000,7497000,7497000,False
EMP0237,5,53,2691000,7131150,7131150,False
EMP0237,6,54,2889000,7800300,7800300,False
EMP0237,7,51,2776000,7078800,7078800,False
EMP0237,8,54,2731000,7373700,7373700,False
EMP0237,9,57,2871000,8182350,8182350,False
EMP0237,10,54,2906000,7846200,7846200,False
EMP0237,11,54,2821000,7616700,7616700,False
EMP0237,12,54,2741000,7400700,7400700,False
EMP0238,1,121,3448000,20860400,0,True
EMP0238,2,121,3640000,22022000,22022000,False
EMP0238,3,125,3543000,22143750,22143750,False
EMP0238,4,119,3349000,19926550,19926550,False
EMP0238,5,109,3425000,18666250,0,True
EMP0238,6,115,3440000,19780000,19780000,False
EMP0238,7,122,3414000,20825400,20825400,False
EMP0238,8,113,3565000,20142250,20142250,False
EMP0238,9,111,3499000,19419450,19419450,False
EMP0238,10,121,3481000,21060050,21060050,False
EMP0238,11,125,3489000,21806250,21806250,False
EMP0238,12,116,3563000,20665400,20665400,False
EMP0239,1,109,2282000,12436900,12436900,False
EMP0239,2,113,2299000,12989350,12989350,False
EMP0239,3,114,2235000,12739500,12739500,False
EMP0239,4,114,2320000,13224000,13224000,False
EMP0239,5,108,2135000,11529000,11529000,False
EMP0239,6,115,2166000,12454500,12454500,False
EMP0239,7,109,2236000,12186200,12186200,False
EMP0239,8,112,2167000,12135200,12135200,False
EMP0239,9,112,2239000,12538400,12538400,False
EMP0239,10,113,2231000,12605150,12605150,False
EMP0239,11,112,2252000,12611200,12611200,False
EMP0239,12,112,2138000,11972800,11972800,False
EMP0240,1,377,2948000,55569800,55569800,False
EMP0240,2,353,2758000,48678700,48678700,False
EMP0240,3,407,3227000,65669450,65669450,False
EMP0240,4,380,2916000,55404000,55404000,False
EMP0240,5,364,3034000,55218800,55218800,False
EMP0240,6,382,3119000,59572900,59572900,False
EMP0240,7,379,2951000,55921450,55921450,False
EMP0240,8,361,3118000,56279900,56279900,False
EMP0240,9,356,3050000,54290000,54290000,False
EMP0240,10,399,3000000,59850000,59850000,False
EMP0240,11,392,2964000,58094400,58094400,False
EMP0240,12,385,3067000,59039750,59039750,False
EMP0241,1,133,3342000,22224300,22224300,False
EMP0241,2,137,3342000,22892700,22892700,False
EMP0241,3,137,3454000,23659900,23659900,False
EMP0241,4,135,3399000,22943250,22943250,False
EMP0241,5,129,3356000,21646200,21646200,False
EMP0241,6,129,3357000,21652650,21652650,False
EMP0241,7,128,3408000,21811200,21811200,False
EMP0241,8,133,3488000,23195200,23195200,False
EMP0241,9,135,3383000,22835250,22835250,False
EMP0241,10,135,3315000,22376250,22376250,False
EMP0241,11,129,3271000,21097950,21097950,False
EMP0241,12,130,3418000,22217000,22217000,False
EMP0242,1,101,2548000,12867400,12867400,False
EMP0242,2,102,2557000,13040700,13040700,False
EMP0242,3,103,2606000,13420900,13420900,False
EMP0242,4,102,2761000,14081100,14081100,False
EMP0242,5,99,2512000,12434400,12434400,False
EMP0242,6,106,2554000,13536200,13536200,False
EMP0242,7,108,2585000,13959000,13959000,False
EMP0242,8,104,2538000,13197600,13197600,False
EMP0242,9,100,2695000,13475000,13475000,False
EMP0242,10,101,2498000,12614900,12614900,False
EMP0242,11,101,2389000,12064450,12064450,False
EMP0242,12,101,2650000,13382500,13382500,False
EMP0243,1,183,4311000,39445650,39445650,False
EMP0243,2,180,3975000,35775000,35775000,False
EMP0243,3,186,4146000,38557800,38557800,False
EMP0243,4,190,4428000,42066000,42066000,False
EMP0243,5,183,3952000,36160800,36160800,False
EMP0243,6,185,4203000,38877750,38877750,False
EMP0243,7,186,4146000,38557800,38557800,False
EMP0243,8,180,4273000,38457000,38457000,False
EMP0243,9,178,4212000,37486800,37486800,False
EMP0243,10,188,3879000,36462600,36462600,False
EMP0243,11,177,4092000,36214200,36214200,False
EMP0243,12,174,4073000,35435100,35435100,False
EMP0244,1,302,2606000,39350600,39350600,False
EMP0244,2,320,2571000,41136000,0,True
EMP0244,3,311,2601000,40445550,40445550,False
EMP0244,4,307,2752000,42243200,42243200,False
EMP0244,5,313,2654000,41535100,41535100,False
EMP0244,6,314,2729000,42845300,42845300,False
EMP0244,7,311,2644000,41114200,41114200,False
EMP0244,8,312,2713000,42322800,42322800,False
EMP0244,9,313,2699000,42239350,42239350,False
EMP0244,10,324,2649000,42913800,42913800,False
EMP0244,11,294,2614000,38425800,38425800,False
EMP0244,12,330,2687000,44335500,44335500,False
EMP0245,1,128,3061000,19590400,19590400,False
EMP0245,2,127,3172000,20142200,0,True
EMP0245,3,120,3316000,19896000,19896000,False
EMP0245,4,125,3106000,19412500,19412500,False
EMP0245,5,124,3184000,19740800,19740800,False
EMP0245,6,121,3005000,18180250,18180250,False
EMP0245,7,117,3115000,18222750,18222750,False
EMP0245,8,126,3336000,21016800,21016800,False
EMP0245,9,132,3124000,20618400,20618400,False
EMP0245,10,118,3241000,19121900,19121900,False
EMP0245,11,123,2960000,18204000,18204000,False
EMP0245,12,127,3123000,19831050,19831050,False
EMP0246,1,389,4197000,81631650,81631650,False
EMP0246,2,371,4201000,77928550,77928550,False
EMP0246,3,367,4013000,73638550,73638550,False
EMP0246,4,389,4303000,83693350,83693350,False
EMP0246,5,358,4105000,73479500,73479500,False
EMP0246,6,361,3883000,70088150,70088150,False
EMP0246,7,388,4409000,85534600,85534600,False
EMP0246,8,384,4198000,80601600,80601600,False
EMP0246,9,370,4273000,79050500,79050500,False
EMP0246,10,369,4168000,76899600,76899600,False
EMP0246,11,358,4432000,79332800,79332800,False
EMP0246,12,370,4228000,78218000,78218000,False
EMP0247,1,35,2068000,3619000,3619000,False
EMP0247,2,37,2143000,3964550,3964550,False
EMP0247,3,36,2082000,3747600,3747600,False
EMP0247,4,36,2056000,3700800,3700800,False
EMP0247,5,37,1983000,3668550,3668550,False
EMP0247,6,36,1986000,3574800,3574800,False
EMP0247,7,37,2101000,3886850,3886850,False
EMP0247,8,36,2137000,3846600,3846600,False
EMP0247,9,36,2028000,3650400,3650400,False
EMP0247,10,38,2109000,4007100,4007100,False
EMP0247,11,35,2161000,3781750,3781750,False
EMP0247,12,36,2129000,3832200,3832200,False
EMP0248,1,229,2938000,33640100,33640100,False
EMP0248,2,255,2824000,36006000,36006000,False
EMP0248,3,236,2782000,32827600,32827600,False
EMP0248,4,236,2797000,33004600,33004600,False
EMP0248,5,243,2909000,35344350,35344350,False
EMP0248,6,234,2888000,33789600,0,True
EMP0248,7,244,2912000,35526400,35526400,False
EMP0248,8,231,2902000,33518100,33518100,False
EMP0248,9,245,3041000,37252250,0,True
EMP0248,10,241,2763000,33294150,33294150,False
EMP0248,11,227,2883000,32722050,32722050,False
EMP0248,12,238,2814000,33486600,33486600,False
EMP0249,1,259,3866000,50064700,50064700,False
EMP0249,2,240,3712000,44544000,44544000,False
EMP0249,3,245,3403000,41686750,41686750,False
EMP0249,4,244,3785000,46177000,46177000,False
EMP0249,5,247,3830000,47300500,47300500,False
EMP0249,6,233,3778000,44013700,44013700,False
EMP0249,7,238,3666000,43625400,43625400,False
EMP0249,8,239,3701000,44226950,44226950,False
EMP0249,9,242,3572000,43221200,43221200,False
EMP0249,10,245,3772000,46207000,46207000,False
EMP0249,11,257,3916000,50320600,50320600,False
EMP0249,12,242,3678000,44503800,44503800,False
EMP0250,1,211,3515000,37083250,37083250,False
EMP0250,2,215,3626000,38979500,38979500,False
EMP0250,3,202,3434000,34683400,34683400,False
EMP0250,4,208,3586000,37294400,37294400,False
EMP0250,5,204,3555000,36261000,36261000,False
EMP0250,6,209,3495000,36522750,36522750,False
EMP0250,7,207,3572000,36970200,36970200,False
EMP0250,8,205,3580000,36695000,36695000,False
EMP0250,9,196,3360000,32928000,32928000,False
EMP0250,10,198,3490000,34551000,34551000,False
EMP0250,11,198,3498000,34630200,34630200,False
EMP0250,12,209,3488000,36449600,36449600,False
EMP0251,1,28,2574000,3603600,3603600,False
EMP0251,2,29,2523000,3658350,3658350,False
EMP0251,3,28,2720000,3808000,3808000,False
EMP0251,4,29,2507000,3635150,3635150,False
EMP0251,5,28,2601000,3641400,3641400,False
EMP0251,6,30,2624000,3936000,3936000,False
EMP0251,7,28,2727000,3817800,3817800,False
EMP0251,8,29,2527000,3664150,3664150,False
EMP0251,9,29,2610000,3784500,3784500,False
EMP0251,10,28,2660000,3724000,3724000,False
EMP0251,11,28,2575000,3605000,3605000,False
EMP0251,12,30,2748000,4122000,4122000,False
EMP0252,1,13,4393000,2855450,2855450,False
EMP0252,2,13,4511000,2932150,2932150,False
EMP0252,3,13,4494000,2921100,2921100,False
EMP0252,4,13,4273000,2777450,2777450,False
EMP0252,5,13,4356000,2831400,0,True
EMP0252,6,13,4378000,2845700,2845700,False
EMP0252,7,13,4374000,2843100,2843100,False
EMP0252,8,13,4442000,2887300,2887300,False
EMP0252,9,13,4540000,2951000,2951000,False
EMP0252,10,14,4476000,3133200,3133200,False
EMP0252,11,14,4392000,3074400,3074400,False
EMP0252,12,13,4679000,3041350,3041350,False
EMP0253,1,167,3090000,25801500,25801500,False
EMP0253,2,159,3177000,25257150,25257150,False
EMP0253,3,171,2959000,25299450,25299450,False
EMP0253,4,161,2900000,23345000,0,True
EMP0253,5,157,2950000,23157500,23157500,False
EMP0253,6,167,2927000,24440450,24440450,False
EMP0253,7,159,2991000,23778450,23778450,False
EMP0253,8,162,2983000,24162300,24162300,False
EMP0253,9,172,2935000,25241000,25241000,False
EMP0253,10,172,2864000,24630400,24630400,False
EMP0253,11,165,2942000,24271500,24271500,False
EMP0253,12,172,3082000,26505200,26505200,False
EMP0254,1,80,8795000,35180000,35180000,False
EMP0254,2,79,8924000,35249800,35249800,False
EMP0254,3,83,8819000,36598850,36598850,False
EMP0254,4,76,8430000,32034000,32034000,False
EMP0254,5,82,9031000,37027100,37027100,False
EMP0254,6,79,8706000,34388700,34388700,False
EMP0254,7,84,9299000,39055800,39055800,False
EMP0254,8,81,9205000,37280250,37280250,False
EMP0254,9,79,8820000,34839000,34839000,False
EMP0254,10,80,8560000,34240000,34240000,False
EMP0254,11,82,9230000,37843000,37843000,False
EMP0254,12,85,8441000,35874250,35874250,False
EMP0255,1,112,2527000,14151200,14151200,False
EMP0255,2,106,2635000,13965500,13965500,False
EMP0255,3,115,2577000,14817750,14817750,False
EMP0255,4,107,2583000,13819050,13819050,False
EMP0255,5,109,2461000,13412450,13412450,False
EMP0255,6,112,2585000,14476000,14476000,False
EMP0255,7,111,2442000,13553100,13553100,False
EMP0255,8,102,2424000,12362400,12362400,False
EMP0255,9,119,2406000,14315700,14315700,False
EMP0255,10,112,2684000,15030400,15030400,False
EMP0255,11,113,2520000,14238000,14238000,False
EMP0255,12,111,2495000,13847250,13847250,False
EMP0256,1,116,2391000,13867800,13867800,False
EMP0256,2,112,2492000,13955200,13955200,False
EMP0256,3,117,2344000,13712400,0,True
EMP0256,4,111,2414000,13397700,13397700,False
EMP0256,5,117,2342000,13700700,13700700,False
EMP0256,6,118,2391000,14106900,14106900,False
EMP0256,7,123,2338000,14378700,14378700,False
EMP0256,8,112,2453000,13736800,13736800,False
EMP0256,9,114,2319000,13218300,13218300,False
EMP0256,10,114,2444000,13930800,13930800,False
EMP0256,11,116,2301000,13345800,13345800,False
EMP0256,12,112,2401000,13445600,13445600,False
EMP0257,1,40,13372000,26744000,26744000,False
EMP0257,2,41,13006000,26662300,26662300,False
EMP0257,3,42,13600000,28560000,28560000,False
EMP0257,4,40,14120000,28240000,28240000,False
EMP0257,5,42,13347000,28028700,28028700,False
EMP0257,6,42,13582000,28522200,28522200,False
EMP0257,7,40,13971000,27942000,27942000,False
EMP0257,8,40,13553000,27106000,27106000,False
EMP0257,9,41,14103000,28911150,28911150,False
EMP0257,10,40,13988000,27976000,27976000,False
EMP0257,11,42,13866000,29118600,29118600,False
EMP0257,12,42,13882000,29152200,29152200,False
EMP0258,1,152,3132000,23803200,23803200,False
EMP0258,2,149,3210000,23914500,23914500,False
EMP0258,3,157,3104000,24366400,24366400,False
EMP0258,4,153,3449000,26384850,26384850,False
EMP0258,5,148,3444000,25485600,25485600,False
EMP0258,6,153,3343000,25573950,25573950,False
EMP0258,7,155,3245000,25148750,25148750,False
EMP0258,8,143,3328000,23795200,23795200,False
EMP0258,9,157,3291000,25834350,25834350,False
EMP0258,10,154,3283000,25279100,25279100,False
EMP0258,11,156,3341000,26059800,26059800,False
EMP0258,12,147,3430000,25210500,25210500,False
EMP0259,1,55,4219000,11602250,11602250,False
EMP0259,2,60,4369000,13107000,13107000,False
EMP0259,3,55,4646000,12776500,12776500,False
EMP0259,4,55,4672000,12848000,12848000,False
EMP0259,5,55,4321000,11882750,11882750,False
EMP0259,6,56,4278000,11978400,11978400,False
EMP0259,7,54,4319000,11661300,11661300,False
EMP0259,8,54,4362000,11777400,11777400,False
EMP0259,9,59,4449000,13124550,13124550,False
EMP0259,10,57,4453000,12691050,12691050,False
EMP0259,11,57,4501000,12827850,12827850,False
EMP0259,12,58,4340000,12586000,12586000,False
EMP0260,1,62,2593000,8038300,8038300,False
EMP0260,2,66,2723000,8985900,8985900,False
EMP0260,3,65,2697000,8765250,8765250,False
EMP0260,4,66,2766000,9127800,9127800,False
EMP0260,5,64,2811000,8995200,8995200,False
EMP0260,6,64,2722000,8710400,8710400,False
EMP0260,7,63,2713000,8545950,0,True
EMP0260,8,68,2747000,9339800,9339800,False
EMP0260,9,66,2708000,8936400,8936400,False
EMP0260,10,63,2698000,8498700,0,True
EMP0260,11,64,2611000,8355200,8355200,False
EMP0260,12,65,2787000,9057750,9057750,False
EMP0261,1,56,3438000,9626400,9626400,False
EMP0261,2,60,3365000,10095000,10095000,False
EMP0261,3,58,3365000,9758500,9758500,False
EMP0261,4,60,3386000,10158000,10158000,False
EMP0261,5,61,3336000,10174800,10174800,False
EMP0261,6,56,3480000,9744000,9744000,False
EMP0261,7,59,3463000,10215850,10215850,False
EMP0261,8,58,3360000,9744000,9744000,False
EMP0261,9,59,3249000,9584550,9584550,False
EMP0261,10,60,3304000,9912000,9912000,False
EMP0261,11,58,3258000,9448200,9448200,False
EMP0261,12,59,3279000,9673050,9673050,False
EMP0262,1,19,3839000,3647050,3647050,False
EMP0262,2,19,3934000,3737300,3737300,False
EMP0262,3,19,3892000,3697400,3697400,False
EMP0262,4,19,3920000,3724000,3724000,False
EMP0262,5,20,3834000,3834000,3834000,False
EMP0262,6,19,3819000,3628050,3628050,False
EMP0262,7,19,3760000,3572000,3572000,False
EMP0262,8,18,4073000,3665700,3665700,False
EMP0262,9,19,3664000,3480800,3480800,False
EMP0262,10,20,4294000,4294000,4294000,False
EMP0262,11,19,3929000,3732550,3732550,False
EMP0262,12,19,3738000,3551100,3551100,False
EMP0263,1,14,3926000,2748200,2748200,False
EMP0263,2,13,3835000,2492750,2492750,False
EMP0263,3,13,3855000,2505750,2505750,False
EMP0263,4,14,3992000,2794400,2794400,False
EMP0263,5,13,4132000,2685800,2685800,False
EMP0263,6,14,3926000,2748200,2748200,False
EMP0263,7,14,3863000,2704100,2704100,False
EMP0263,8,13,3924000,2550600,2550600,False
EMP0263,9,13,4060000,2639000,2639000,False
EMP0263,10,13,3879000,2521350,2521350,False
EMP0263,11,13,3694000,2401100,2401100,False
EMP0263,12,13,3744000,2433600,2433600,False
EMP0264,1,408,2524000,51489600,51489600,False
EMP0264,2,412,2702000,55661200,55661200,False
EMP0264,3,400,2442000,48840000,48840000,False
EMP0264,4,416,2671000,55556800,55556800,False
EMP0264,5,392,2641000,51763600,51763600,False
EMP0264,6,417,2636000,54960600,54960600,False
EMP0264,7,401,2690000,53934500,53934500,False
EMP0264,8,413,2683000,55403950,55403950,False
EMP0264,9,397,2611000,51828350,51828350,False
EMP0264,10,436,2562000,55851600,55851600,False
EMP0264,11,411,2645000,54354750,54354750,False
EMP0264,12,406,2650000,53795000,53795000,False
EMP0265,1,28,3647000,5105800,5105800,False
EMP0265,2,29,3556000,5156200,5156200,False
EMP0265,3,29,3648000,5289600,5289600,False
EMP0265,4,28,3436000,4810400,4810400,False
EMP0265,5,27,3686000,4976100,4976100,False
EMP0265,6,29,3819000,5537550,5537550,False
EMP0265,7,30,3866000,5799000,5799000,False
EMP0265,8,27,3730000,5035500,5035500,False
EMP0265,9,29,3625000,5256250,5256250,False
EMP0265,10,31,3527000,5466850,5466850,False
EMP0265,11,29,3472000,5034400,5034400,False
EMP0265,12,27,3718000,5019300,5019300,False
EMP0266,1,57,6055000,17256750,17256750,False
EMP0266,2,52,5925000,15405000,15405000,False
EMP0266,3,49,6092000,14925400,14925400,False
EMP0266,4,52,5927000,15410200,15410200,False
EMP0266,5,53,5581000,14789650,14789650,False
EMP0266,6,53,5798000,15364700,15364700,False
EMP0266,7,52,5999000,15597400,15597400,False
EMP0266,8,53,6277000,16634050,16634050,False
EMP0266,9,54,6237000,16839900,16839900,False
EMP0266,10,53,6324000,16758600,16758600,False
EMP0266,11,53,6105000,16178250,16178250,False
EMP0266,12,53,5765000,15277250,15277250,False
EMP0267,1,214,3025000,32367500,32367500,False
EMP0267,2,208,3097000,32208800,32208800,False
EMP0267,3,217,2900000,31465000,31465000,False
EMP0267,4,222,3103000,34443300,34443300,False
EMP0267,5,211,2920000,30806000,30806000,False
EMP0267,6,205,2999000,30739750,30739750,False
EMP0267,7,209,3004000,31391800,31391800,False
EMP0267,8,221,2955000,32652750,32652750,False
EMP0267,9,209,2906000,30367700,30367700,False
EMP0267,10,213,3017000,32131050,32131050,False
EMP0267,11,223,2858000,31866700,31866700,False
EMP0267,12,216,2969000,32065200,32065200,False
EMP0268,1,43,2398000,5155700,5155700,False
EMP0268,2,40,2440000,4880000,4880000,False
EMP0268,3,40,2525000,5050000,5050000,False
EMP0268,4,42,2441000,5126100,5126100,False
EMP0268,5,42,2381000,5000100,5000100,False
EMP0268,6,42,2484000,5216400,5216400,False
EMP0268,7,42,2347000,4928700,4928700,False
EMP0268,8,42,2662000,5590200,5590200,False
EMP0268,9,42,2683000,5634300,5634300,False
EMP0268,10,42,2388000,5014800,5014800,False
EMP0268,11,40,2498000,4996000,4996000,False
EMP0268,12,42,2355000,4945500,4945500,False
EMP0269,1,111,4254000,23609700,0,True
EMP0269,2,110,4381000,24095500,24095500,False
EMP0269,3,109,4306000,23467700,23467700,False
EMP0269,4,107,4110000,21988500,21988500,False
EMP0269,5,102,4282000,21838200,21838200,False
EMP0269,6,110,4458000,24519000,24519000,False
EMP0269,7,112,4442000,24875200,24875200,False
EMP0269,8,103,4132000,21279800,21279800,False
EMP0269,9,104,4475000,23270000,23270000,False
EMP0269,10,104,4349000,22614800,22614800,False
EMP0269,11,107,4447000,23791450,23791450,False
EMP0269,12,107,4346000,23251100,23251100,False
EMP0270,1,94,2592000,12182400,12182400,False
EMP0270,2,94,2522000,11853400,11853400,False
EMP0270,3,90,2581000,11614500,11614500,False
EMP0270,4,96,2702000,12969600,12969600,False
EMP0270,5,96,2424000,11635200,11635200,False
EMP0270,6,90,2548000,11466000,11466000,False
EMP0270,7,87,2635000,11462250,11462250,False
EMP0270,8,95,2629000,12487750,12487750,False
EMP0270,9,89,2550000,11347500,11347500,False
EMP0270,10,90,2509000,11290500,11290500,False
EMP0270,11,95,2478000,11770500,11770500,False
EMP0270,12,90,2550000,11475000,11475000,False
EMP0271,1,196,5054000,49529200,49529200,False
EMP0271,2,194,4809000,46647300,46647300,False
EMP0271,3,184,4695000,43194000,43194000,False
EMP0271,4,186,4718000,43877400,43877400,False
EMP0271,5,193,4763000,45962950,45962950,False
EMP0271,6,193,4717000,45519050,45519050,False
EMP0271,7,195,4737000,46185750,46185750,False
EMP0271,8,197,4765000,46935250,46935250,False
EMP0271,9,208,4709000,48973600,48973600,False
EMP0271,10,192,4593000,44092800,44092800,False
EMP0271,11,191,4649000,44397950,44397950,False
EMP0271,12,189,4484000,42373800,42373800,False
EMP0272,1,31,3157000,4893350,4893350,False
EMP0272,2,31,3077000,4769350,4769350,False
EMP0272,3,29,3231000,4684950,4684950,False
EMP0272,4,29,3142000,4555900,4555900,False
EMP0272,5,30,3125000,4687500,4687500,False
EMP0272,6,30,2947000,4420500,4420500,False
EMP0272,7,29,3355000,4864750,4864750,False
EMP0272,8,29,2957000,4287650,4287650,False
EMP0272,9,29,3012000,4367400,4367400,False
EMP0272,10,30,3146000,4719000,4719000,False
EMP0272,11,29,3108000,4506600,4506600,False
EMP0272,12,30,3189000,4783500,0,True
EMP0273,1,40,2604000,5208000,5208000,False
EMP0273,2,40,2875000,5750000,5750000,False
EMP0273,3,39,2718000,5300100,5300100,False
EMP0273,4,39,2644000,5155800,5155800,False
EMP0273,5,38,2738000,5202200,5202200,False
EMP0273,6,40,2716000,5432000,5432000,False
EMP0273,7,39,2740000,5343000,5343000,False
EMP0273,8,38,2636000,5008400,5008400,False
EMP0273,9,39,2648000,5163600,5163600,False
EMP0273,10,39,2688000,5241600,5241600,False
EMP0273,11,40,2698000,5396000,5396000,False
EMP0273,12,39,2775000,5411250,5411250,False
EMP0274,1,239,2381000,28452950,28452950,False
EMP0274,2,234,2387000,27927900,27927900,False
EMP0274,3,249,2389000,29743050,29743050,False
EMP0274,4,255,2425000,30918750,30918750,False
EMP0274,5,244,2603000,31756600,31756600,False
EMP0274,6,243,2458000,29864700,29864700,False
EMP0274,7,251,2441000,30634550,30634550,False
EMP0274,8,259,2375000,30756250,30756250,False
EMP0274,9,232,2410000,27956000,27956000,False
EMP0274,10,251,2414000,30295700,30295700,False
EMP0274,11,239,2386000,28512700,28512700,False
EMP0274,12,251,2465000,30935750,30935750,False
EMP0275,1,21,4687000,4921350,4921350,False
EMP0275,2,19,4341000,4123950,4123950,False
EMP0275,3,21,4269000,4482450,4482450,False
EMP0275,4,21,4176000,4384800,4384800,False
EMP0275,5,21,4205000,4415250,4415250,False
EMP0275,6,20,4257000,4257000,4257000,False
EMP0275,7,23,4239000,4874850,4874850,False
EMP0275,8,21,4394000,4613700,4613700,False
EMP0275,9,23,4523000,5201450,5201450,False
EMP0275,10,21,4553000,4780650,4780650,False
EMP0275,11,21,4275000,4488750,4488750,False
EMP0275,12,21,4300000,4515000,4515000,False
EMP0276,1,116,2680000,15544000,15544000,False
EMP0276,2,120,2624000,15744000,15744000,False
EMP0276,3,128,2598000,16627200,16627200,False
EMP0276,4,126,2598000,16367400,16367400,False
EMP0276,5,122,2553000,15573300,15573300,False
EMP0276,6,123,2709000,16660350,16660350,False
EMP0276,7,123,2778000,17084700,17084700,False
EMP0276,8,124,2770000,17174000,17174000,False
EMP0276,9,124,2622000,16256400,16256400,False
EMP0276,10,119,2520000,14994000,14994000,False
EMP0276,11,125,2687000,16793750,16793750,False
EMP0276,12,123,2697000,16586550,16586550,False
EMP0277,1,50,4243000,10607500,0,True
EMP0277,2,48,4197000,10072800,10072800,False
EMP0277,3,48,4161000,9986400,0,True
EMP0277,4,47,4239000,9961650,9961650,False
EMP0277,5,47,3969000,9327150,9327150,False
EMP0277,6,48,4098000,9835200,9835200,False
EMP0277,7,46,4358000,10023400,10023400,False
EMP0277,8,45,4248000,9558000,9558000,False
EMP0277,9,47,4131000,9707850,9707850,False
EMP0277,10,47,3988000,9371800,9371800,False
EMP0277,11,47,4132000,9710200,9710200,False
EMP0277,12,49,4059000,9944550,9944550,False
EMP0278,1,126,3065000,19309500,19309500,False
EMP0278,2,131,3049000,19970950,19970950,False
EMP0278,3,134,2967000,19878900,19878900,False
EMP0278,4,127,3024000,19202400,19202400,False
EMP0278,5,128,3009000,19257600,19257600,False
EMP0278,6,134,2942000,19711400,19711400,False
EMP0278,7,133,3096000,20588400,20588400,False
EMP0278,8,133,3151000,20954150,20954150,False
EMP0278,9,132,3003000,19819800,19819800,False
EMP0278,10,132,3045000,20097000,20097000,False
EMP0278,11,139,3102000,21558900,21558900,False
EMP0278,12,129,3131000,20194950,20194950,False
EMP0279,1,6,3201000,960300,960300,False
EMP0279,2,6,3365000,1009500,1009500,False
EMP0279,3,5,3292000,823000,823000,False
EMP0279,4,5,3286000,821500,821500,False
EMP0279,5,5,3340000,835000,835000,False
EMP0279,6,6,3334000,1000200,1000200,False
EMP0279,7,6,3502000,1050600,1050600,False
EMP0279,8,5,3377000,844250,844250,False
EMP0279,9,5,3348000,837000,837000,False
EMP0279,10,5,3347000,836750,836750,False
EMP0279,11,6,3293000,987900,987900,False
EMP0279,12,5,3475000,868750,0,True
EMP0280,1,239,3594000,42948300,42948300,False
EMP0280,2,237,3423000,40562550,40562550,False
EMP0280,3,240,3550000,42600000,42600000,False
EMP0280,4,237,3519000,41700150,41700150,False
EMP0280,5,249,3485000,43388250,43388250,False
EMP0280,6,243,3389000,41176350,41176350,False
EMP0280,7,257,3408000,43792800,43792800,False
EMP0280,8,243,3450000,41917500,41917500,False
EMP0280,9,237,3484000,41285400,41285400,False
EMP0280,10,236,3557000,41972600,41972600,False
EMP0280,11,241,3592000,43283600,43283600,False
EMP0280,12,253,3353000,42415450,42415450,False
EMP0281,1,80,3090000,12360000,12360000,False
EMP0281,2,78,2928000,11419200,11419200,False
EMP0281,3,72,2957000,10645200,10645200,False
EMP0281,4,72,2890000,10404000,10404000,False
EMP0281,5,76,2994000,11377200,11377200,False
EMP0281,6,77,2934000,11295900,11295900,False
EMP0281,7,76,3005000,11419000,11419000,False
EMP0281,8,78,2935000,11446500,11446500,False
EMP0281,9,76,3067000,11654600,11654600,False
EMP0281,10,81,2813000,11392650,11392650,False
EMP0281,11,76,2935000,11153000,11153000,False
EMP0281,12,78,3033000,11828700,11828700,False
EMP0282,1,237,6471000,76681350,76681350,False
EMP0282,2,246,6437000,79175100,79175100,False
EMP0282,3,237,6634000,78612900,78612900,False
EMP0282,4,231,6579000,75987450,75987450,False
EMP0282,5,239,6683000,79861850,79861850,False
EMP0282,6,239,6544000,78200800,78200800,False
EMP0282,7,243,6244000,75864600,75864600,False
EMP0282,8,235,6431000,75564250,75564250,False
EMP0282,9,231,6236000,72025800,72025800,False
EMP0282,10,226,6132000,69291600,69291600,False
EMP0282,11,238,6599000,78528100,78528100,False
EMP0282,12,226,6277000,70930100,70930100,False
EMP0283,1,51,2739000,6984450,6984450,False
EMP0283,2,53,2766000,7329900,7329900,False
EMP0283,3,52,2744000,7134400,7134400,False
EMP0283,4,53,2737000,7253050,7253050,False
EMP0283,5,50,2697000,6742500,6742500,False
EMP0283,6,53,2605000,6903250,6903250,False
EMP0283,7,53,2671000,7078150,7078150,False
EMP0283,8,54,2804000,7570800,7570800,False
EMP0283,9,53,2704000,7165600,7165600,False
EMP0283,10,51,2738000,6981900,6981900,False
EMP0283,11,51,2774000,7073700,7073700,False
EMP0283,12,53,2875000,7618750,7618750,False
EMP0284,1,140,2395000,16765000,16765000,False
EMP0284,2,140,2304000,16128000,16128000,False
EMP0284,3,142,2422000,17196200,17196200,False
EMP0284,4,147,2295000,16868250,16868250,False
EMP0284,5,144,2408000,17337600,17337600,False
EMP0284,6,145,2364000,17139000,17139000,False
EMP0284,7,149,2363000,17604350,17604350,False
EMP0284,8,143,2331000,16666650,16666650,False
EMP0284,9,142,2524000,17920400,17920400,False
EMP0284,10,145,2257000,16363250,16363250,False
EMP0284,11,144,2366000,17035200,17035200,False
EMP0284,12,144,2337000,16826400,16826400,False
EMP0285,1,37,2120000,3922000,3922000,False
EMP0285,2,37,2170000,4014500,4014500,False
EMP0285,3,39,2094000,4083300,4083300,False
EMP0285,4,40,2039000,4078000,4078000,False
EMP0285,5,41,2177000,4462850,4462850,False
EMP0285,6,37,2082000,3851700,3851700,False
EMP0285,7,39,2048000,3993600,3993600,False
EMP0285,8,37,2120000,3922000,3922000,False
EMP0285,9,37,2067000,3823950,3823950,False
EMP0285,10,39,2129000,4151550,4151550,False
EMP0285,11,38,2079000,3950100,3950100,False
EMP0285,12,42,2168000,4552800,4552800,False
EMP0286,1,169,2372000,20043400,20043400,False
EMP0286,2,171,2326000,19887300,19887300,False
EMP0286,3,166,2312000,19189600,19189600,False
EMP0286,4,164,2383000,19540600,0,True
EMP0286,5,167,2250000,18787500,18787500,False
EMP0286,6,166,2241000,18600300,18600300,False
EMP0286,7,170,2237000,19014500,19014500,False
EMP0286,8,164,2472000,20270400,20270400,False
EMP0286,9,167,2343000,19564050,19564050,False
EMP0286,10,166,2294000,19040200,19040200,False
EMP0286,11,156,2323000,18119400,18119400,False
EMP0286,12,165,2400000,19800000,19800000,False
EMP0287,1,37,3918000,7248300,7248300,False
EMP0287,2,38,4303000,8175700,8175700,False
EMP0287,3,37,3921000,7253850,7253850,False
EMP0287,4,39,4069000,7934550,7934550,False
EMP0287,5,38,4182000,7945800,7945800,False
EMP0287,6,40,3961000,7922000,7922000,False
EMP0287,7,38,4082000,7755800,7755800,False
EMP0287,8,38,4151000,7886900,7886900,False
EMP0287,9,40,4136000,8272000,8272000,False
EMP0287,10,38,4226000,8029400,8029400,False
EMP0287,11,37,4118000,7618300,7618300,False
EMP0287,12,38,4146000,7877400,7877400,False
EMP0288,1,454,2980000,67646000,67646000,False
EMP0288,2,416,2976000,61900800,61900800,False
EMP0288,3,421,2946000,62013300,62013300,False
EMP0288,4,458,3079000,70509100,70509100,False
EMP0288,5,426,3016000,64240800,64240800,False
EMP0288,6,422,2969000,62645900,62645900,False
EMP0288,7,446,3012000,67167600,67167600,False
EMP0288,8,427,2879000,61466650,61466650,False
EMP0288,9,435,2982000,64858500,64858500,False
EMP0288,10,437,3029000,66183650,66183650,False
EMP0288,11,428,3042000,65098800,65098800,False
EMP0288,12,427,3055000,65224250,65224250,False
EMP0289,1,213,3528000,37573200,37573200,False
EMP0289,2,220,3319000,36509000,36509000,False
EMP0289,3,210,3523000,36991500,36991500,False
EMP0289,4,210,3532000,37086000,37086000,False
EMP0289,5,204,3160000,32232000,32232000,False
EMP0289,6,211,3365000,35500750,35500750,False
EMP0289,7,204,3689000,37627800,37627800,False
EMP0289,8,196,3441000,33721800,33721800,False
EMP0289,9,203,3402000,34530300,34530300,False
EMP0289,10,197,3276000,32268600,0,True
EMP0289,11,206,3309000,34082700,34082700,False
EMP0289,12,205,3476000,35629000,35629000,False
EMP0290,1,50,9329000,23322500,23322500,False
EMP0290,2,48,9995000,23988000,23988000,False
EMP0290,3,52,9459000,24593400,24593400,False
EMP0290,4,51,9683000,24691650,24691650,False
EMP0290,5,50,9978000,24945000,24945000,False
EMP0290,6,52,9545000,24817000,24817000,False
EMP0290,7,48,9368000,22483200,22483200,False
EMP0290,8,49,9356000,22922200,22922200,False
EMP0290,9,50,9369000,23422500,23422500,False
EMP0290,10,49,9536000,23363200,23363200,False
EMP0290,11,48,9469000,22725600,22725600,False
EMP0290,12,48,9349000,22437600,22437600,False
EMP0291,1,52,2712000,7051200,7051200,False
EMP0291,2,51,2927000,7463850,7463850,False
EMP0291,3,51,2931000,7474050,7474050,False
EMP0291,4,53,2991000,7926150,7926150,False
EMP0291,5,49,2783000,6818350,6818350,False
EMP0291,6,50,3022000,7555000,7555000,False
EMP0291,7,52,2757000,7168200,7168200,False
EMP0291,8,51,2747000,7004850,7004850,False
EMP0291,9,48,2698000,6475200,6475200,False
EMP0291,10,53,2765000,7327250,7327250,False
EMP0291,11,51,2909000,7417950,7417950,False
EMP0291,12,52,2780000,7228000,7228000,False
EMP0292,1,42,3979000,8355900,8355900,False
EMP0292,2,42,4122000,8656200,8656200,False
EMP0292,3,42,3868000,8122800,8122800,False
EMP0292,4,44,4194000,9226800,9226800,False
EMP0292,5,42,4136000,8685600,8685600,False
EMP0292,6,44,4366000,9605200,9605200,False
EMP0292,7,45,4020000,9045000,9045000,False
EMP0292,8,41,4078000,8359900,8359900,False
EMP0292,9,42,3997000,8393700,8393700,False
EMP0292,10,44,4231000,9308200,9308200,False
EMP0292,11,40,3963000,7926000,7926000,False
EMP0292,12,43,4114000,8845100,8845100,False
EMP0293,1,198,2085000,20641500,20641500,False
EMP0293,2,178,2025000,18022500,18022500,False
EMP0293,3,212,2020000,21412000,21412000,False
EMP0293,4,188,2240000,21056000,21056000,False
EMP0293,5,177,2209000,19549650,19549650,False
EMP0293,6,186,2102000,19548600,19548600,False
EMP0293,7,196,2131000,20883800,20883800,False
EMP0293,8,173,2086000,18043900,18043900,False
EMP0293,9,195,2102000,20494500,20494500,False
EMP0293,10,190,2218000,21071000,21071000,False
EMP0293,11,208,2127000,22120800,22120800,False
EMP0293,12,188,2101000,19749400,19749400,False
EMP0294,1,219,4016000,43975200,0,True
EMP0294,2,203,3898000,39564700,39564700,False
EMP0294,3,229,3934000,45044300,45044300,False
EMP0294,4,221,3691000,40785550,40785550,False
EMP0294,5,220,3892000,42812000,42812000,False
EMP0294,6,216,4053000,43772400,43772400,False
EMP0294,7,205,3595000,36848750,36848750,False
EMP0294,8,215,3780000,40635000,40635000,False
EMP0294,9,213,3669000,39074850,39074850,False
EMP0294,10,215,3812000,40979000,40979000,False
EMP0294,11,213,3590000,38233500,38233500,False
EMP0294,12,233,3935000,45842750,45842750,False
EMP0295,1,319,5526000,88139700,88139700,False
EMP0295,2,340,5914000,100538000,100538000,False
EMP0295,3,324,5898000,95547600,95547600,False
EMP0295,4,327,5835000,95402250,95402250,False
EMP0295,5,329,5645000,92860250,92860250,False
EMP0295,6,315,5481000,86325750,86325750,False
EMP0295,7,335,5514000,92359500,92359500,False
EMP0295,8,335,5432000,90986000,90986000,False
EMP0295,9,343,5862000,100533300,100533300,False
EMP0295,10,333,5628000,93706200,93706200,False
EMP0295,11,320,5753000,92048000,92048000,False
EMP0295,12,327,5661000,92557350,0,True
EMP0296,1,29,3075000,4458750,4458750,False
EMP0296,2,29,3254000,4718300,4718300,False
EMP0296,3,29,3356000,4866200,4866200,False
EMP0296,4,30,3251000,4876500,4876500,False
EMP0296,5,29,3364000,4877800,4877800,False
EMP0296,6,28,3173000,4442200,4442200,False
EMP0296,7,28,3132000,4384800,4384800,False
EMP0296,8,27,3439000,4642650,4642650,False
EMP0296,9,31,3279000,5082450,5082450,False
EMP0296,10,27,3239000,4372650,4372650,False
EMP0296,11,31,3266000,5062300,5062300,False
EMP0296,12,28,3152000,4412800,4412800,False
EMP0297,1,104,2720000,14144000,14144000,False
EMP0297,2,106,2587000,13711100,13711100,False
EMP0297,3,103,2442000,12576300,12576300,False
EMP0297,4,105,2704000,14196000,14196000,False
EMP0297,5,106,2497000,13234100,13234100,False
EMP0297,6,105,2462000,12925500,12925500,False
EMP0297,7,107,2480000,13268000,13268000,False
EMP0297,8,105,2491000,13077750,13077750,False
EMP0297,9,108,2312000,12484800,12484800,False
EMP0297,10,106,2605000,13806500,13806500,False
EMP0297,11,103,2417000,12447550,12447550,False
EMP0297,12,105,2616000,13734000,13734000,False
EMP0298,1,43,4013000,8627950,8627950,False
EMP0298,2,43,3793000,8154950,8154950,False
EMP0298,3,42,4000000,8400000,8400000,False
EMP0298,4,43,3592000,7722800,7722800,False
EMP0298,5,45,3947000,8880750,8880750,False
EMP0298,6,43,3869000,8318350,8318350,False
EMP0298,7,41,3853000,7898650,7898650,False
EMP0298,8,45,3978000,8950500,8950500,False
EMP0298,9,44,3840000,8448000,8448000,False
EMP0298,10,43,3793000,8154950,8154950,False
EMP0298,11,45,3912000,8802000,8802000,False
EMP0298,12,44,3819000,8401800,8401800,False
EMP0299,1,328,2038000,33423200,33423200,False
EMP0299,2,335,2101000,35191750,35191750,False
EMP0299,3,330,2080000,34320000,34320000,False
EMP0299,4,320,2125000,34000000,34000000,False
EMP0299,5,346,2147000,37143100,37143100,False
EMP0299,6,320,2104000,33664000,33664000,False
EMP0299,7,336,1958000,32894400,32894400,False
EMP0299,8,350,2135000,37362500,37362500,False
EMP0299,9,327,2039000,33337650,33337650,False
EMP0299,10,335,2124000,35577000,35577000,False
EMP0299,11,353,2098000,37029700,37029700,False
EMP0299,12,322,2087000,33600700,33600700,False
EMP0300,1,74,2077000,7684900,7684900,False
EMP0300,2,76,2024000,7691200,7691200,False
EMP0300,3,72,1974000,7106400,7106400,False
EMP0300,4,74,2034000,7525800,0,True
EMP0300,5,75,1953000,7323750,7323750,False
EMP0300,6,75,2027000,7601250,7601250,False
EMP0300,7,75,1933000,7248750,0,True
EMP0300,8,74,1907000,7055900,7055900,False
EMP0300,9,70,1961000,6863500,6863500,False
EMP0300,10,71,1992000,7071600,7071600,False
EMP0300,11,71,2021000,7174550,7174550,False
EMP0300,12,78,1980000,7722000,7722000,False
EMP0301,1,32,3466000,5545600,5545600,False
EMP0301,2,31,3437000,5327350,5327350,False
EMP0301,3,33,3445000,5684250,5684250,False
EMP0301,4,35,3177000,5559750,5559750,False
EMP0301,5,32,3578000,5724800,5724800,False
EMP0301,6,34,3271000,5560700,5560700,False
EMP0301,7,32,3272000,5235200,5235200,False
EMP0301,8,32,3340000,5344000,5344000,False
EMP0301,9,31,3356000,5201800,5201800,False
EMP0301,10,32,3292000,5267200,5267200,False
EMP0301,11,33,3373000,5565450,5565450,False
EMP0301,12,33,3264000,5385600,5385600,False
EMP0302,1,79,7074000,27942300,27942300,False
EMP0302,2,81,6874000,27839700,27839700,False
EMP0302,3,80,7191000,28764000,28764000,False
EMP0302,4,85,6997000,29737250,29737250,False
EMP0302,5,79,7063000,27898850,27898850,False
EMP0302,6,82,7632000,31291200,31291200,False
EMP0302,7,82,7068000,28978800,28978800,False
EMP0302,8,86,6792000,29205600,29205600,False
EMP0302,9,85,6765000,28751250,28751250,False
EMP0302,10,83,6771000,28099650,28099650,False
EMP0302,11,83,7575000,31436250,31436250,False
EMP0302,12,82,7429000,30458900,30458900,False
EMP0303,1,215,6795000,73046250,73046250,False
EMP0303,2,204,6757000,68921400,68921400,False
EMP0303,3,222,7147000,79331700,79331700,False
EMP0303,4,212,6420000,68052000,68052000,False
EMP0303,5,212,6987000,74062200,74062200,False
EMP0303,6,208,6921000,71978400,71978400,False
EMP0303,7,226,6361000,71879300,71879300,False
EMP0303,8,210,6914000,72597000,72597000,False
EMP0303,9,200,6740000,67400000,67400000,False
EMP0303,10,220,6835000,75185000,75185000,False
EMP0303,11,211,6800000,71740000,71740000,False
EMP0303,12,223,6951000,77503650,77503650,False
EMP0304,1,159,3304000,26266800,26266800,False
EMP0304,2,169,3131000,26456950,26456950,False
EMP0304,3,170,3228000,27438000,27438000,False
EMP0304,4,172,3148000,27072800,27072800,False
EMP0304,5,163,3427000,27930050,27930050,False
EMP0304,6,174,3184000,27700800,27700800,False
EMP0304,7,170,3322000,28237000,28237000,False
EMP0304,8,164,3265000,26773000,26773000,False
EMP0304,9,162,3313000,26835300,26835300,False
EMP0304,10,167,3265000,27262750,27262750,False
EMP0304,11,165,3271000,26985750,26985750,False
EMP0304,12,174,3356000,29197200,29197200,False
EMP0305,1,480,2476000,59424000,59424000,False
EMP0305,2,457,2530000,57810500,57810500,False
EMP0305,3,442,2512000,55515200,55515200,False
EMP0305,4,471,2554000,60146700,60146700,False
EMP0305,5,454,2607000,59178900,59178900,False
EMP0305,6,465,2455000,57078750,57078750,False
EMP0305,7,452,2551000,57652600,57652600,False
EMP0305,8,436,2424000,52843200,52843200,False
EMP0305,9,461,2479000,57140950,57140950,False
EMP0305,10,440,2525000,55550000,55550000,False
EMP0305,11,451,2636000,59441800,59441800,False
EMP0305,12,480,2427000,58248000,58248000,False
EMP0306,1,246,2026000,24919800,24919800,False
EMP0306,2,247,2080000,25688000,25688000,False
EMP0306,3,239,1993000,23816350,23816350,False
EMP0306,4,251,2060000,25853000,25853000,False
EMP0306,5,249,1973000,24563850,24563850,False
EMP0306,6,247,1932000,23860200,23860200,False
EMP0306,7,241,2037000,24545850,24545850,False
EMP0306,8,244,2047000,24973400,24973400,False
EMP0306,9,242,1917000,23195700,23195700,False
EMP0306,10,230,1991000,22896500,22896500,False
EMP0306,11,234,2014000,23563800,23563800,False
EMP0306,12,248,2027000,25134800,25134800,False
EMP0307,1,92,3524000,16210400,16210400,False
EMP0307,2,91,3686000,16771300,16771300,False
EMP0307,3,92,3551000,16334600,16334600,False
EMP0307,4,91,3525000,16038750,16038750,False
EMP0307,5,88,3665000,16126000,16126000,False
EMP0307,6,86,3497000,15037100,15037100,False
EMP0307,7,90,3659000,16465500,16465500,False
EMP0307,8,88,3668000,16139200,16139200,False
EMP0307,9,89,3922000,17452900,17452900,False
EMP0307,10,89,3591000,15979950,15979950,False
EMP0307,11,92,3733000,17171800,17171800,False
EMP0307,12,85,3523000,14972750,14972750,False
EMP0308,1,39,3799000,7408050,7408050,False
EMP0308,2,40,3466000,6932000,6932000,False
EMP0308,3,38,3811000,7240900,7240900,False
EMP0308,4,38,3627000,6891300,6891300,False
EMP0308,5,40,3634000,7268000,7268000,False
EMP0308,6,38,3923000,7453700,7453700,False
EMP0308,7,37,3719000,6880150,6880150,False
EMP0308,8,38,3785000,7191500,7191500,False
EMP0308,9,39,3692000,7199400,7199400,False
EMP0308,10,39,3713000,7240350,7240350,False
EMP0308,11,39,3683000,7181850,7181850,False
EMP0308,12,38,3660000,6954000,6954000,False
EMP0309,1,97,2560000,12416000,12416000,False
EMP0309,2,95,2686000,12758500,12758500,False
EMP0309,3,98,2801000,13724900,13724900,False
EMP0309,4,102,2855000,14560500,14560500,False
EMP0309,5,94,2565000,12055500,12055500,False
EMP0309,6,95,2674000,12701500,12701500,False
EMP0309,7,99,2592000,12830400,12830400,False
EMP0309,8,97,2812000,13638200,13638200,False
EMP0309,9,95,2538000,12055500,12055500,False
EMP0309,10,95,2620000,12445000,12445000,False
EMP0309,11,93,2635000,12252750,12252750,False
EMP0309,12,94,2729000,12826300,0,True
EMP0310,1,25,5473000,6841250,6841250,False
EMP0310,2,25,5573000,6966250,0,True
EMP0310,3,25,5078000,6347500,6347500,False
EMP0310,4,26,5597000,7276100,7276100,False
EMP0310,5,25,5122000,6402500,6402500,False
EMP0310,6,25,5333000,6666250,6666250,False
EMP0310,7,25,5076000,6345000,6345000,False
EMP0310,8,24,5639000,6766800,6766800,False
EMP0310,9,24,5696000,6835200,6835200,False
EMP0310,10,24,5418000,6501600,6501600,False
EMP0310,11,24,5388000,6465600,6465600,False
EMP0310,12,24,5069000,6082800,6082800,False
EMP0311,1,263,5816000,76480400,76480400,False
EMP0311,2,277,6071000,84083350,84083350,False
EMP0311,3,273,6188000,84466200,84466200,False
EMP0311,4,286,6297000,90047100,90047100,False
EMP0311,5,262,5980000,78338000,78338000,False
EMP0311,6,272,5925000,80580000,80580000,False
EMP0311,7,301,6029000,90736450,90736450,False
EMP0311,8,267,6348000,84745800,84745800,False
EMP0311,9,286,6369000,91076700,91076700,False
EMP0311,10,276,6434000,88789200,88789200,False
EMP0311,11,259,6203000,80328850,80328850,False
EMP0311,12,287,6194000,88883900,88883900,False
EMP0312,1,65,3344000,10868000,10868000,False
EMP0312,2,65,3288000,10686000,10686000,False
EMP0312,3,69,3379000,11657550,11657550,False
EMP0312,4,65,3312000,10764000,10764000,False
EMP0312,5,69,3209000,11071050,11071050,False
EMP0312,6,64,3135000,10032000,10032000,False
EMP0312,7,63,3344000,10533600,0,True
EMP0312,8,62,3435000,10648500,10648500,False
EMP0312,9,68,3310000,11254000,11254000,False
EMP0312,10,66,3227000,10649100,10649100,False
EMP0312,11,64,3137000,10038400,10038400,False
EMP0312,12,64,3261000,10435200,10435200,False
EMP0313,1,116,2399000,13914200,13914200,False
EMP0313,2,115,2442000,14041500,14041500,False
EMP0313,3,118,2377000,14024300,14024300,False
EMP0313,4,121,2388000,14447400,14447400,False
EMP0313,5,118,2445000,14425500,14425500,False
EMP0313,6,117,2498000,14613300,14613300,False
EMP0313,7,116,2303000,13357400,13357400,False
EMP0313,8,116,2516000,14592800,14592800,False
EMP0313,9,116,2534000,14697200,14697200,False
EMP0313,10,118,2446000,14431400,14431400,False
EMP0313,11,115,2432000,13984000,13984000,False
EMP0313,12,120,2413000,14478000,14478000,False
EMP0314,1,34,6693000,11378100,11378100,False
EMP0314,2,35,6510000,11392500,11392500,False
EMP0314,3,36,6923000,12461400,12461400,False
EMP0314,4,34,7297000,12404900,12404900,False
EMP0314,5,32,6941000,11105600,11105600,False
EMP0314,6,35,6849000,11985750,11985750,False
EMP0314,7,35,6940000,12145000,12145000,False
EMP0314,8,34,7170000,12189000,12189000,False
EMP0314,9,33,6868000,11332200,11332200,False
EMP0314,10,33,7174000,11837100,11837100,False
EMP0314,11,35,6612000,11571000,11571000,False
EMP0314,12,35,6945000,12153750,12153750,False
EMP0315,1,38,10435000,19826500,19826500,False
EMP0315,2,40,10268000,20536000,20536000,False
EMP0315,3,38,10598000,20136200,20136200,False
EMP0315,4,36,10510000,18918000,18918000,False
EMP0315,5,39,10710000,20884500,20884500,False
EMP0315,6,38,10940000,20786000,20786000,False
EMP0315,7,39,10637000,20742150,20742150,False
EMP0315,8,39,10418000,20315100,20315100,False
EMP0315,9,37,10434000,19302900,19302900,False
EMP0315,10,38,10704000,20337600,20337600,False
EMP0315,11,38,10790000,20501000,20501000,False
EMP0315,12,37,10669000,19737650,19737650,False
EMP0316,1,79,3194000,12616300,12616300,False
EMP0316,2,77,3173000,12216050,12216050,False
EMP0316,3,79,3176000,12545200,12545200,False
EMP0316,4,78,3262000,12721800,12721800,False
EMP0316,5,80,3369000,13476000,13476000,False
EMP0316,6,77,3356000,12920600,12920600,False
EMP0316,7,81,3242000,13130100,13130100,False
EMP0316,8,81,3342000,13535100,13535100,False
EMP0316,9,79,3240000,12798000,12798000,False
EMP0316,10,75,3213000,12048750,12048750,False
EMP0316,11,81,3125000,12656250,0,True
EMP0316,12,78,3366000,13127400,13127400,False
EMP0317,1,11,8370000,4603500,4603500,False
EMP0317,2,10,8108000,4054000,4054000,False
EMP0317,3,11,7986000,4392300,4392300,False
EMP0317,4,11,7942000,4368100,4368100,False
EMP0317,5,11,8325000,4578750,4578750,False
EMP0317,6,10,7998000,3999000,3999000,False
EMP0317,7,11,8122000,4467100,4467100,False
EMP0317,8,11,7972000,4384600,4384600,False
EMP0317,9,11,7798000,4288900,4288900,False
EMP0317,10,11,8120000,4466000,4466000,False
EMP0317,11,11,7926000,4359300,4359300,False
EMP0317,12,10,7712000,3856000,3856000,False
EMP0318,1,27,2921000,3943350,3943350,False
EMP0318,2,27,2913000,3932550,3932550,False
EMP0318,3,27,2663000,3595050,3595050,False
EMP0318,4,26,2943000,3825900,3825900,False
EMP0318,5,26,2853000,3708900,3708900,False
EMP0318,6,29,2783000,4035350,4035350,False
EMP0318,7,27,2812000,3796200,3796200,False
EMP0318,8,28,2683000,3756200,3756200,False
EMP0318,9,27,2829000,3819150,3819150,False
EMP0318,10,28,2909000,4072600,4072600,False
EMP0318,11,27,2788000,3763800,3763800,False
EMP0318,12,27,2983000,4027050,4027050,False
EMP0319,1,86,3563000,15320900,15320900,False
EMP0319,2,82,3822000,15670200,15670200,False
EMP0319,3,84,3909000,16417800,16417800,False
EMP0319,4,86,3792000,16305600,16305600,False
EMP0319,5,82,3592000,14727200,14727200,False
EMP0319,6,90,3586000,16137000,16137000,False
EMP0319,7,86,3742000,16090600,16090600,False
EMP0319,8,83,3612000,14989800,14989800,False
EMP0319,9,89,3645000,16220250,16220250,False
EMP0319,10,83,3882000,16110300,16110300,False
EMP0319,11,88,3675000,16170000,16170000,False
EMP0319,12,81,3430000,13891500,13891500,False
EMP0320,1,143,2210000,15801500,15801500,False
EMP0320,2,157,2238000,17568300,17568300,False
EMP0320,3,150,2286000,17145000,17145000,False
EMP0320,4,147,2418000,17772300,17772300,False
EMP0320,5,145,2335000,16928750,16928750,False
EMP0320,6,155,2326000,18026500,0,True
EMP0320,7,155,2419000,18747250,18747250,False
EMP0320,8,131,2341000,15333550,15333550,False
EMP0320,9,149,2357000,17559650,17559650,False
EMP0320,10,152,2272000,17267200,17267200,False
EMP0320,11,153,2350000,17977500,17977500,False
EMP0320,12,154,2397000,18456900,18456900,False
EMP0321,1,156,3984000,31075200,31075200,False
EMP0321,2,159,3605000,28659750,28659750,False
EMP0321,3,133,4077000,27112050,0,True
EMP0321,4,132,3822000,25225200,25225200,False
EMP0321,5,136,3815000,25942000,25942000,False
EMP0321,6,141,3900000,27495000,27495000,False
EMP0321,7,125,3891000,24318750,24318750,False
EMP0321,8,145,3919000,28412750,28412750,False
EMP0321,9,148,4171000,30865400,30865400,False
EMP0321,10,124,3594000,22282800,22282800,False
EMP0321,11,143,3845000,27491750,27491750,False
EMP0321,12,137,3772000,25838200,25838200,False
EMP0322,1,66,7240000,23892000,23892000,False
EMP0322,2,67,7556000,25312600,25312600,False
EMP0322,3,65,7374000,23965500,23965500,False
EMP0322,4,65,7607000,24722750,24722750,False
EMP0322,5,66,7639000,25208700,25208700,False
EMP0322,6,71,7547000,26791850,26791850,False
EMP0322,7,69,7089000,24457050,24457050,False
EMP0322,8,65,7257000,23585250,23585250,False
EMP0322,9,67,7779000,26059650,26059650,False
EMP0322,10,70,6940000,24290000,24290000,False
EMP0322,11,66,7651000,25248300,25248300,False
EMP0322,12,63,7011000,22084650,22084650,False
EMP0323,1,239,3761000,44943950,44943950,False
EMP0323,2,232,3874000,44938400,44938400,False
EMP0323,3,239,3867000,46210650,46210650,False
EMP0323,4,245,3672000,44982000,44982000,False
EMP0323,5,249,3859000,48044550,48044550,False
EMP0323,6,240,3923000,47076000,47076000,False
EMP0323,7,232,3915000,45414000,45414000,False
EMP0323,8,243,3779000,45914850,45914850,False
EMP0323,9,242,3742000,45278200,45278200,False
EMP0323,10,242,3753000,45411300,45411300,False
EMP0323,11,243,3894000,47312100,47312100,False
EMP0323,12,252,3888000,48988800,48988800,False
EMP0324,1,91,2476000,11265800,11265800,False
EMP0324,2,90,2521000,11344500,11344500,False
EMP0324,3,90,2497000,11236500,11236500,False
EMP0324,4,91,2351000,10697050,10697050,False
EMP0324,5,87,2385000,10374750,10374750,False
EMP0324,6,91,2545000,11579750,11579750,False
EMP0324,7,83,2346000,9735900,9735900,False
EMP0324,8,88,2410000,10604000,10604000,False
EMP0324,9,92,2596000,11941600,0,True
EMP0324,10,89,2525000,11236250,0,True
EMP0324,11,92,2376000,10929600,10929600,False
EMP0324,12,85,2570000,10922500,10922500,False
EMP0325,1,272,2754000,37454400,37454400,False
EMP0325,2,260,2767000,35971000,35971000,False
EMP0325,3,255,2713000,34590750,34590750,False
EMP0325,4,264,2787000,36788400,36788400,False
EMP0325,5,266,2714000,36096200,36096200,False
EMP0325,6,268,2838000,38029200,38029200,False
EMP0325,7,259,2757000,35703150,35703150,False
EMP0325,8,251,2633000,33044150,33044150,False
EMP0325,9,259,2698000,34939100,34939100,False
EMP0325,10,262,2717000,35592700,35592700,False
EMP0325,11,277,2762000,38253700,38253700,False
EMP0325,12,266,2726000,36255800,36255800,False
EMP0326,1,16,2568000,2054400,2054400,False
EMP0326,2,17,2558000,2174300,2174300,False
EMP0326,3,16,2427000,1941600,1941600,False
EMP0326,4,16,2311000,1848800,1848800,False
EMP0326,5,17,2535000,2154750,2154750,False
EMP0326,6,16,2357000,1885600,1885600,False
EMP0326,7,17,2497000,2122450,2122450,False
EMP0326,8,16,2605000,2084000,2084000,False
EMP0326,9,15,2688000,2016000,2016000,False
EMP0326,10,16,2427000,1941600,1941600,False
EMP0326,11,16,2555000,2044000,2044000,False
EMP0326,12,16,2429000,1943200,1943200,False
EMP0327,1,129,4650000,29992500,0,True
EMP0327,2,127,4820000,30607000,30607000,False
EMP0327,3,129,4665000,30089250,30089250,False
EMP0327,4,125,4776000,29850000,29850000,False
EMP0327,5,126,4796000,30214800,30214800,False
EMP0327,6,124,4717000,29245400,29245400,False
EMP0327,7,132,4785000,31581000,31581000,False
EMP0327,8,126,4667000,29402100,29402100,False
EMP0327,9,130,4710000,30615000,30615000,False
EMP0327,10,132,4570000,30162000,30162000,False
EMP0327,11,131,4505000,29507750,29507750,False
EMP0327,12,131,4616000,30234800,30234800,False
EMP0328,1,5,3228000,807000,807000,False
EMP0328,2,5,3306000,826500,826500,False
EMP0328,3,5,3428000,857000,857000,False
EMP0328,4,5,3414000,853500,853500,False
EMP0328,5,5,3172000,793000,793000,False
EMP0328,6,5,3324000,831000,831000,False
EMP0328,7,5,3427000,856750,856750,False
EMP0328,8,5,3451000,862750,862750,False
EMP0328,9,5,3383000,845750,845750,False
EMP0328,10,5,3285000,821250,0,True
EMP0328,11,5,3410000,852500,852500,False
EMP0328,12,5,3143000,785750,785750,False
EMP0329,1,85,5644000,23987000,23987000,False
EMP0329,2,81,5560000,22518000,22518000,False
EMP0329,3,80,6000000,24000000,24000000,False
EMP0329,4,85,5989000,25453250,25453250,False
EMP0329,5,83,5840000,24236000,24236000,False
EMP0329,6,87,6155000,26774250,26774250,False
EMP0329,7,78,5737000,22374300,22374300,False
EMP0329,8,85,5503000,23387750,23387750,False
EMP0329,9,87,5714000,24855900,24855900,False
EMP0329,10,81,5886000,23838300,23838300,False
EMP0329,11,85,5639000,23965750,23965750,False
EMP0329,12,88,5888000,25907200,25907200,False
EMP0330,1,57,7398000,21084300,21084300,False
EMP0330,2,56,7234000,20255200,20255200,False
EMP0330,3,56,7017000,19647600,19647600,False
EMP0330,4,54,7271000,19631700,0,True
EMP0330,5,56,7244000,20283200,20283200,False
EMP0330,6,55,7265000,19978750,19978750,False
EMP0330,7,55,7015000,19291250,19291250,False
EMP0330,8,55,7481000,20572750,20572750,False
EMP0330,9,56,6941000,19434800,19434800,False
EMP0330,10,55,7002000,19255500,19255500,False
EMP0330,11,57,6595000,18795750,18795750,False
EMP0330,12,56,7071000,19798800,19798800,False
EMP0331,1,111,2596000,14407800,14407800,False
EMP0331,2,111,2420000,13431000,13431000,False
EMP0331,3,120,2556000,15336000,15336000,False
EMP0331,4,117,2575000,15063750,15063750,False
EMP0331,5,117,2611000,15274350,15274350,False
EMP0331,6,114,2546000,14512200,14512200,False
EMP0331,7,113,2672000,15096800,15096800,False
EMP0331,8,119,2611000,15535450,15535450,False
EMP0331,9,116,2521000,14621800,14621800,False
EMP0331,10,112,2563000,14352800,14352800,False
EMP0331,11,116,2484000,14407200,14407200,False
EMP0331,12,115,2601000,14955750,14955750,False
EMP0332,1,131,3265000,21385750,21385750,False
EMP0332,2,132,3468000,22888800,22888800,False
EMP0332,3,134,3409000,22840300,22840300,False
EMP0332,4,134,3380000,22646000,22646000,False
EMP0332,5,136,3259000,22161200,22161200,False
EMP0332,6,133,3266000,21718900,21718900,False
EMP0332,7,137,3375000,23118750,23118750,False
EMP0332,8,133,3320000,22078000,22078000,False
EMP0332,9,129,3200000,20640000,20640000,False
EMP0332,10,127,3315000,21050250,21050250,False
EMP0332,11,133,3365000,22377250,22377250,False
EMP0332,12,127,3429000,21774150,21774150,False
EMP0333,1,405,5440000,110160000,110160000,False
EMP0333,2,388,5432000,105380800,105380800,False
EMP0333,3,365,5637000,102875250,102875250,False
EMP0333,4,366,5595000,102388500,102388500,False
EMP0333,5,371,5523000,102451650,102451650,False
EMP0333,6,369,5763000,106327350,106327350,False
EMP0333,7,371,5476000,101579800,101579800,False
EMP0333,8,363,5577000,101222550,101222550,False
EMP0333,9,354,5806000,102766200,102766200,False
EMP0333,10,366,5317000,97301100,97301100,False
EMP0333,11,358,5734000,102638600,102638600,False
EMP0333,12,395,5367000,105998250,0,True
EMP0334,1,58,5921000,17170900,17170900,False
EMP0334,2,55,5471000,15045250,15045250,False
EMP0334,3,58,5915000,17153500,17153500,False
EMP0334,4,55,5313000,14610750,14610750,False
EMP0334,5,59,5752000,16968400,16968400,False
EMP0334,6,55,5588000,15367000,15367000,False
EMP0334,7,59,5593000,16499350,16499350,False
EMP0334,8,57,5672000,16165200,16165200,False
EMP0334,9,57,5518000,15726300,15726300,False
EMP0334,10,58,5502000,15955800,15955800,False
EMP0334,11,60,5752000,17256000,17256000,False
EMP0334,12,57,5435000,15489750,15489750,False
EMP0335,1,45,3050000,6862500,6862500,False
EMP0335,2,40,2890000,5780000,5780000,False
EMP0335,3,44,3125000,6875000,6875000,False
EMP0335,4,42,2866000,6018600,6018600,False
EMP0335,5,43,2957000,6357550,6357550,False
EMP0335,6,43,3099000,6662850,6662850,False
EMP0335,7,46,2945000,6773500,6773500,False
EMP0335,8,44,2934000,6454800,6454800,False
EMP0335,9,44,2914000,6410800,6410800,False
EMP0335,10,43,2968000,6381200,6381200,False
EMP0335,11,42,3104000,6518400,6518400,False
EMP0335,12,43,3033000,6520950,6520950,False
EMP0336,1,251,2758000,34612900,34612900,False
EMP0336,2,249,2702000,33639900,33639900,False
EMP0336,3,246,2705000,33271500,33271500,False
EMP0336,4,234,2768000,32385600,32385600,False
EMP0336,5,240,2698000,32376000,0,True
EMP0336,6,249,2701000,33627450,33627450,False
EMP0336,7,251,2775000,34826250,34826250,False
EMP0336,8,248,2920000,36208000,36208000,False
EMP0336,9,237,2780000,32943000,32943000,False
EMP0336,10,239,2626000,31380700,31380700,False
EMP0336,11,247,2736000,33789600,33789600,False
EMP0336,12,231,2915000,33668250,33668250,False
EMP0337,1,231,4200000,48510000,48510000,False
EMP0337,2,232,3891000,45135600,45135600,False
EMP0337,3,209,4030000,42113500,42113500,False
EMP0337,4,203,4111000,41726650,41726650,False
EMP0337,5,211,3949000,41661950,41661950,False
EMP0337,6,214,4048000,43313600,43313600,False
EMP0337,7,220,4197000,46167000,46167000,False
EMP0337,8,210,4140000,43470000,43470000,False
EMP0337,9,218,4307000,46946300,46946300,False
EMP0337,10,208,4172000,43388800,43388800,False
EMP0337,11,215,4182000,44956500,44956500,False
EMP0337,12,217,4115000,44647750,44647750,False
EMP0338,1,110,3119000,17154500,17154500,False
EMP0338,2,110,3160000,17380000,17380000,False
EMP0338,3,106,3316000,17574800,17574800,False
EMP0338,4,110,3211000,17660500,17660500,False
EMP0338,5,102,3080000,15708000,15708000,False
EMP0338,6,106,3243000,17187900,17187900,False
EMP0338,7,109,3350000,18257500,18257500,False
EMP0338,8,109,3210000,17494500,17494500,False
EMP0338,9,110,3228000,17754000,17754000,False
EMP0338,10,106,3320000,17596000,17596000,False
EMP0338,11,114,3263000,18599100,18599100,False
EMP0338,12,107,3397000,18173950,18173950,False
EMP0339,1,416,5735000,119288000,119288000,False
EMP0339,2,424,6037000,127984400,0,True
EMP0339,3,411,5465000,112305750,112305750,False
EMP0339,4,415,5755000,119416250,119416250,False
EMP0339,5,434,5520000,119784000,119784000,False
EMP0339,6,420,6021000,126441000,126441000,False
EMP0339,7,451,5812000,131060600,131060600,False
EMP0339,8,422,5773000,121810300,121810300,False
EMP0339,9,437,5807000,126882950,126882950,False
EMP0339,10,423,5916000,125123400,125123400,False
EMP0339,11,417,5577000,116280450,116280450,False
EMP0339,12,436,5543000,120837400,120837400,False
EMP0340,1,76,3282000,12471600,12471600,False
EMP0340,2,73,3172000,11577800,11577800,False
EMP0340,3,74,3468000,12831600,12831600,False
EMP0340,4,68,3979000,13528600,13528600,False
EMP0340,5,69,3593000,12395850,12395850,False
EMP0340,6,70,3724000,13034000,13034000,False
EMP0340,7,71,3548000,12595400,12595400,False
EMP0340,8,72,3408000,12268800,12268800,False
EMP0340,9,71,3415000,12123250,12123250,False
EMP0340,10,74,3377000,12494900,12494900,False
EMP0340,11,72,3932000,14155200,14155200,False
EMP0340,12,72,3561000,12819600,12819600,False
EMP0341,1,24,3970000,4764000,4764000,False
EMP0341,2,24,4059000,4870800,4870800,False
EMP0341,3,25,4015000,5018750,5018750,False
EMP0341,4,24,3953000,4743600,4743600,False
EMP0341,5,23,3750000,4312500,4312500,False
EMP0341,6,23,3929000,4518350,4518350,False
EMP0341,7,24,3696000,4435200,4435200,False
EMP0341,8,23,3886000,4468900,4468900,False
EMP0341,9,23,3909000,4495350,4495350,False
EMP0341,10,23,4136000,4756400,4756400,False
EMP0341,11,23,4094000,4708100,4708100,False
EMP0341,12,22,3777000,4154700,4154700,False
EMP0342,1,231,2406000,27789300,27789300,False
EMP0342,2,236,2213000,26113400,26113400,False
EMP0342,3,242,2333000,28229300,28229300,False
EMP0342,4,223,2394000,26693100,26693100,False
EMP0342,5,234,2241000,26219700,26219700,False
EMP0342,6,229,2263000,25911350,25911350,False
EMP0342,7,234,2389000,27951300,27951300,False
EMP0342,8,226,2250000,25425000,25425000,False
EMP0342,9,230,2463000,28324500,28324500,False
EMP0342,10,238,2307000,27453300,27453300,False
EMP0342,11,233,2223000,25897950,25897950,False
EMP0342,12,220,2332000,25652000,25652000,False
EMP0343,1,195,3402000,33169500,33169500,False
EMP0343,2,185,3434000,31764500,31764500,False
EMP0343,3,191,3352000,32011600,32011600,False
EMP0343,4,195,3293000,32106750,32106750,False
EMP0343,5,193,3362000,32443300,32443300,False
EMP0343,6,197,3292000,32426200,32426200,False
EMP0343,7,186,3377000,31406100,31406100,False
EMP0343,8,193,3420000,33003000,33003000,False
EMP0343,9,186,3633000,33786900,33786900,False
EMP0343,10,180,3593000,32337000,32337000,False
EMP0343,11,191,3453000,32976150,32976150,False
EMP0343,12,191,3306000,31572300,31572300,False
EMP0344,1,165,2453000,20237250,20237250,False
EMP0344,2,165,2352000,19404000,19404000,False
EMP0344,3,155,2396000,18569000,18569000,False
EMP0344,4,157,2466000,19358100,19358100,False
EMP0344,5,155,2370000,18367500,18367500,False
EMP0344,6,156,2566000,20014800,20014800,False
EMP0344,7,146,2532000,18483600,18483600,False
EMP0344,8,156,2395000,18681000,18681000,False
EMP0344,9,165,2432000,20064000,20064000,False
EMP0344,10,158,2518000,19892200,19892200,False
EMP0344,11,152,2354000,17890400,17890400,False
EMP0344,12,163,2423000,19747450,19747450,False
EMP0345,1,262,1724000,22584400,22584400,False
EMP0345,2,276,1793000,24743400,24743400,False
EMP0345,3,268,1798000,24093200,24093200,False
EMP0345,4,264,1844000,24340800,24340800,False
EMP0345,5,256,1768000,22630400,22630400,False
EMP0345,6,283,1877000,26559550,26559550,False
EMP0345,7,277,1783000,24694550,24694550,False
EMP0345,8,273,1711000,23355150,23355150,False
EMP0345,9,275,1779000,24461250,24461250,False
EMP0345,10,253,1817000,22985050,22985050,False
EMP0345,11,258,1762000,22729800,22729800,False
EMP0345,12,261,1780000,23229000,23229000,False
EMP0346,1,47,3684000,8657400,8657400,False
EMP0346,2,50,4005000,10012500,10012500,False
EMP0346,3,50,4003000,10007500,10007500,False
EMP0346,4,48,4030000,9672000,9672000,False
EMP0346,5,49,4157000,10184650,10184650,False
EMP0346,6,49,4268000,10456600,10456600,False
EMP0346,7,51,3883000,9901650,9901650,False
EMP0346,8,49,3952000,9682400,9682400,False
EMP0346,9,49,3849000,9430050,9430050,False
EMP0346,10,47,4195000,9858250,9858250,False
EMP0346,11,52,3856000,10025600,10025600,False
EMP0346,12,46,4004000,9209200,9209200,False
EMP0347,1,29,1472000,2134400,2134400,False
EMP0347,2,30,1674000,2511000,2511000,False
EMP0347,3,31,1453000,2252150,2252150,False
EMP0347,4,30,1605000,2407500,2407500,False
EMP0347,5,31,1532000,2374600,2374600,False
EMP0347,6,30,1577000,2365500,2365500,False
EMP0347,7,29,1487000,2156150,2156150,False
EMP0347,8,30,1544000,2316000,2316000,False
EMP0347,9,30,1657000,2485500,2485500,False
EMP0347,10,29,1439000,2086550,2086550,False
EMP0347,11,29,1514000,2195300,2195300,False
EMP0347,12,31,1761000,2729550,2729550,False
EMP0348,1,199,2983000,29680850,29680850,False
EMP0348,2,200,2929000,29290000,29290000,False
EMP0348,3,185,2947000,27259750,27259750,False
EMP0348,4,194,2979000,28896300,28896300,False
EMP0348,5,206,2984000,30735200,30735200,False
EMP0348,6,200,2835000,28350000,28350000,False
EMP0348,7,202,2964000,29936400,29936400,False
EMP0348,8,196,2806000,27498800,27498800,False
EMP0348,9,205,2894000,29663500,29663500,False
EMP0348,10,209,3042000,31788900,31788900,False
EMP0348,11,191,2824000,26969200,26969200,False
EMP0348,12,210,2876000,30198000,30198000,False
EMP0349,1,38,2602000,4943800,4943800,False
EMP0349,2,38,2910000,5529000,5529000,False
EMP0349,3,40,2821000,5642000,5642000,False
EMP0349,4,37,2631000,4867350,4867350,False
EMP0349,5,38,2709000,5147100,5147100,False
EMP0349,6,41,2686000,5506300,5506300,False
EMP0349,7,37,2685000,4967250,4967250,False
EMP0349,8,38,2706000,5141400,5141400,False
EMP0349,9,38,2765000,5253500,5253500,False
EMP0349,10,38,2687000,5105300,5105300,False
EMP0349,11,38,2694000,5118600,5118600,False
EMP0349,12,38,2709000,5147100,5147100,False
EMP0350,1,415,3701000,76795750,76795750,False
EMP0350,2,413,3317000,68496050,68496050,False
EMP0350,3,385,3413000,65700250,65700250,False
EMP0350,4,396,3436000,68032800,68032800,False
EMP0350,5,414,3418000,70752600,70752600,False
EMP0350,6,399,3600000,71820000,71820000,False
EMP0350,7,380,3624000,68856000,68856000,False
EMP0350,8,407,3417000,69535950,69535950,False
EMP0350,9,438,3528000,77263200,77263200,False
EMP0350,10,401,3362000,67408100,67408100,False
EMP0350,11,408,3406000,69482400,69482400,False
EMP0350,12,405,3612000,73143000,73143000,False
EMP0351,1,23,2681000,3083150,3083150,False
EMP0351,2,22,2660000,2926000,2926000,False
EMP0351,3,23,2655000,3053250,3053250,False
EMP0351,4,24,2745000,3294000,3294000,False
EMP0351,5,23,2741000,3152150,3152150,False
EMP0351,6,24,2856000,3427200,3427200,False
EMP0351,7,24,2814000,3376800,3376800,False
EMP0351,8,24,2579000,3094800,3094800,False
EMP0351,9,24,2679000,3214800,3214800,False
EMP0351,10,24,2653000,3183600,3183600,False
EMP0351,11,23,2703000,3108450,3108450,False
EMP0351,12,24,2647000,3176400,3176400,False
EMP0352,1,79,2891000,11419450,11419450,False
EMP0352,2,77,2793000,10753050,10753050,False
EMP0352,3,79,2822000,11146900,11146900,False
EMP0352,4,78,2843000,11087700,11087700,False
EMP0352,5,82,2861000,11730100,11730100,False
EMP0352,6,77,2870000,11049500,11049500,False
EMP0352,7,77,2869000,11045650,11045650,False
EMP0352,8,78,2863000,11165700,11165700,False
EMP0352,9,77,2805000,10799250,10799250,False
EMP0352,10,79,2855000,11277250,11277250,False
EMP0352,11,79,2919000,11530050,11530050,False
EMP0352,12,79,2900000,11455000,11455000,False
EMP0353,1,102,3172000,16177200,0,True
EMP0353,2,103,3107000,16001050,16001050,False
EMP0353,3,103,3311000,17051650,17051650,False
EMP0353,4,99,3236000,16018200,16018200,False
EMP0353,5,101,3211000,16215550,16215550,False
EMP0353,6,100,3137000,15685000,15685000,False
EMP0353,7,96,3076000,14764800,14764800,False
EMP0353,8,102,3208000,16360800,16360800,False
EMP0353,9,100,3164000,15820000,15820000,False
EMP0353,10,101,3006000,15180300,15180300,False
EMP0353,11,96,3242000,15561600,15561600,False
EMP0353,12,93,3285000,15275250,15275250,False
EMP0354,1,169,3498000,29558100,29558100,False
EMP0354,2,162,3530000,28593000,28593000,False
EMP0354,3,165,3469000,28619250,28619250,False
EMP0354,4,157,3434000,26956900,26956900,False
EMP0354,5,152,3393000,25786800,25786800,False
EMP0354,6,159,3602000,28635900,28635900,False
EMP0354,7,166,3776000,31340800,31340800,False
EMP0354,8,163,3566000,29062900,29062900,False
EMP0354,9,154,3479000,26788300,26788300,False
EMP0354,10,167,3416000,28523600,0,True
EMP0354,11,163,3462000,28215300,28215300,False
EMP0354,12,158,3505000,27689500,27689500,False
EMP0355,1,51,2170000,5533500,5533500,False
EMP0355,2,49,2068000,5066600,5066600,False
EMP0355,3,48,2208000,5299200,5299200,False
EMP0355,4,51,2194000,5594700,5594700,False
EMP0355,5,49,2238000,5483100,5483100,False
EMP0355,6,47,2191000,5148850,5148850,False
EMP0355,7,51,2142000,5462100,5462100,False
EMP0355,8,48,2224000,5337600,5337600,False
EMP0355,9,48,2070000,4968000,4968000,False
EMP0355,10,50,2091000,5227500,5227500,False
EMP0355,11,50,2165000,5412500,5412500,False
EMP0355,12,48,2132000,5116800,5116800,False
EMP0356,1,14,4951000,3465700,3465700,False
EMP0356,2,15,4883000,3662250,3662250,False
EMP0356,3,15,5005000,3753750,3753750,False
EMP0356,4,15,5164000,3873000,3873000,False
EMP0356,5,14,4918000,3442600,3442600,False
EMP0356,6,15,5106000,3829500,3829500,False
EMP0356,7,15,4971000,3728250,3728250,False
EMP0356,8,15,4946000,3709500,3709500,False
EMP0356,9,15,4986000,3739500,3739500,False
EMP0356,10,15,4672000,3504000,3504000,False
EMP0356,11,16,4730000,3784000,3784000,False
EMP0356,12,14,4850000,3395000,3395000,False
EMP0357,1,481,3618000,87012900,87012900,False
EMP0357,2,486,3656000,88840800,88840800,False
EMP0357,3,458,3485000,79806500,79806500,False
EMP0357,4,452,3386000,76523600,76523600,False
EMP0357,5,478,3639000,86972100,86972100,False
EMP0357,6,466,3491000,81340300,81340300,False
EMP0357,7,477,3540000,84429000,84429000,False
EMP0357,8,471,3566000,83979300,83979300,False
EMP0357,9,455,3596000,81809000,81809000,False
EMP0357,10,460,3526000,81098000,81098000,False
EMP0357,11,482,3391000,81723100,81723100,False
EMP0357,12,467,3448000,80510800,80510800,False
EMP0358,1,461,4373000,100797650,100797650,False
EMP0358,2,439,4215000,92519250,92519250,False
EMP0358,3,463,4106000,95053900,95053900,False
EMP0358,4,449,3814000,85624300,85624300,False
EMP0358,5,465,4272000,99324000,99324000,False
EMP0358,6,458,3830000,87707000,87707000,False
EMP0358,7,470,4327000,101684500,101684500,False
EMP0358,8,448,3952000,88524800,0,True
EMP0358,9,452,4319000,97609400,97609400,False
EMP0358,10,452,4128000,93292800,93292800,False
EMP0358,11,460,4026000,92598000,92598000,False
EMP0358,12,471,3909000,92056950,92056950,False
EMP0359,1,201,2382000,23939100,23939100,False
EMP0359,2,198,2387000,23631300,23631300,False
EMP0359,3,191,2379000,22719450,22719450,False
EMP0359,4,210,2364000,24822000,24822000,False
EMP0359,5,192,2514000,24134400,24134400,False
EMP0359,6,197,2364000,23285400,23285400,False
EMP0359,7,190,2405000,22847500,22847500,False
EMP0359,8,197,2511000,24733350,24733350,False
EMP0359,9,186,2318000,21557400,21557400,False
EMP0359,10,193,2393000,23092450,23092450,False
EMP0359,11,205,2381000,24405250,24405250,False
EMP0359,12,202,2476000,25007600,25007600,False
EMP0360,1,143,4084000,29200600,29200600,False
EMP0360,2,148,4552000,33684800,33684800,False
EMP0360,3,141,4261000,30040050,30040050,False
EMP0360,4,145,4371000,31689750,31689750,False
EMP0360,5,144,4387000,31586400,31586400,False
EMP0360,6,149,4258000,31722100,31722100,False
EMP0360,7,142,4284000,30416400,30416400,False
EMP0360,8,144,4423000,31845600,31845600,False
EMP0360,9,144,4415000,31788000,31788000,False
EMP0360,10,142,4203000,29841300,29841300,False
EMP0360,11,152,4204000,31950400,31950400,False
EMP0360,12,149,4043000,30120350,30120350,False
EMP0361,1,127,2132000,13538200,13538200,False
EMP0361,2,128,2141000,13702400,13702400,False
EMP0361,3,134,2077000,13915900,13915900,False
EMP0361,4,134,2167000,14518900,14518900,False
EMP0361,5,129,2202000,14202900,14202900,False
EMP0361,6,132,2099000,13853400,0,True
EMP0361,7,121,2287000,13836350,13836350,False
EMP0361,8,132,2226000,14691600,14691600,False
EMP0361,9,130,2218000,14417000,14417000,False
EMP0361,10,125,2175000,13593750,13593750,False
EMP0361,11,135,2217000,14964750,14964750,False
EMP0361,12,129,2196000,14164200,14164200,False
EMP0362,1,22,3740000,4114000,4114000,False
EMP0362,2,23,3966000,4560900,4560900,False
EMP0362,3,23,4184000,4811600,4811600,False
EMP0362,4,24,3860000,4632000,0,True
EMP0362,5,24,4047000,4856400,4856400,False
EMP0362,6,22,4255000,4680500,4680500,False
EMP0362,7,22,3968000,4364800,4364800,False
EMP0362,8,22,4336000,4769600,0,True
EMP0362,9,22,4015000,4416500,4416500,False
EMP0362,10,24,3900000,4680000,4680000,False
EMP0362,11,22,4341000,4775100,4775100,False
EMP0362,12,23,3975000,4571250,4571250,False
EMP0363,1,289,2934000,42396300,42396300,False
EMP0363,2,266,3066000,40777800,40777800,False
EMP0363,3,274,3088000,42305600,42305600,False
EMP0363,4,281,2924000,41082200,41082200,False
EMP0363,5,272,2962000,40283200,40283200,False
EMP0363,6,282,2969000,41862900,41862900,False
EMP0363,7,289,3036000,43870200,43870200,False
EMP0363,8,270,3075000,41512500,41512500,False
EMP0363,9,274,2994000,41017800,41017800,False
EMP0363,10,275,3091000,42501250,42501250,False
EMP0363,11,280,3106000,43484000,0,True
EMP0363,12,281,3073000,43175650,43175650,False
EMP0364,1,222,2010000,22311000,22311000,False
EMP0364,2,208,2021000,21018400,21018400,False
EMP0364,3,218,1979000,21571100,0,True
EMP0364,4,200,2085000,20850000,20850000,False
EMP0364,5,202,2057000,20775700,20775700,False
EMP0364,6,206,2056000,21176800,21176800,False
EMP0364,7,204,1981000,20206200,0,True
EMP0364,8,213,2139000,22780350,22780350,False
EMP0364,9,207,2120000,21942000,21942000,False
EMP0364,10,203,1997000,20269550,0,True
EMP0364,11,206,1996000,20558800,20558800,False
EMP0364,12,219,1961000,21472950,21472950,False
EMP0365,1,270,3966000,53541000,0,True
EMP0365,2,263,3908000,51390200,51390200,False
EMP0365,3,255,4029000,51369750,51369750,False
EMP0365,4,248,3763000,46661200,46661200,False
EMP0365,5,244,3847000,46933400,46933400,False
EMP0365,6,269,3812000,51271400,51271400,False
EMP0365,7,259,4126000,53431700,53431700,False
EMP0365,8,257,4080000,52428000,52428000,False
EMP0365,9,260,3860000,50180000,50180000,False
EMP0365,10,246,3855000,47416500,47416500,False
EMP0365,11,268,3979000,53318600,53318600,False
EMP0365,12,247,3848000,47522800,47522800,False
EMP0366,1,145,2492000,18067000,18067000,False
EMP0366,2,134,2338000,15664600,15664600,False
EMP0366,3,131,2467000,16158850,16158850,False
EMP0366,4,134,2473000,16569100,16569100,False
EMP0366,5,146,2520000,18396000,18396000,False
EMP0366,6,141,2564000,18076200,18076200,False
EMP0366,7,144,2421000,17431200,17431200,False
EMP0366,8,136,2486000,16904800,16904800,False
EMP0366,9,137,2501000,17131850,17131850,False
EMP0366,10,139,2437000,16937150,16937150,False
EMP0366,11,142,2537000,18012700,18012700,False
EMP0366,12,142,2527000,17941700,17941700,False
EMP0367,1,83,2141000,8885150,8885150,False
EMP0367,2,87,2113000,9191550,9191550,False
EMP0367,3,82,2052000,8413200,8413200,False
EMP0367,4,83,2076000,8615400,8615400,False
EMP0367,5,83,2159000,8959850,8959850,False
EMP0367,6,84,2158000,9063600,9063600,False
EMP0367,7,89,2168000,9647600,9647600,False
EMP0367,8,85,2190000,9307500,9307500,False
EMP0367,9,89,2035000,9055750,9055750,False
EMP0367,10,86,2157000,9275100,9275100,False
EMP0367,11,82,2211000,9065100,9065100,False
EMP0367,12,81,2214000,8966700,8966700,False
EMP0368,1,113,2419000,13667350,13667350,False
EMP0368,2,108,2285000,12339000,0,True
EMP0368,3,111,2378000,13197900,13197900,False
EMP0368,4,114,2372000,13520400,13520400,False
EMP0368,5,113,2237000,12639050,12639050,False
EMP0368,6,108,2320000,12528000,12528000,False
EMP0368,7,108,2336000,12614400,12614400,False
EMP0368,8,109,2286000,12458700,12458700,False
EMP0368,9,115,2319000,13334250,13334250,False
EMP0368,10,112,2302000,12891200,12891200,False
EMP0368,11,113,2467000,13938550,13938550,False
EMP0368,12,118,2451000,14460900,14460900,False
EMP0369,1,41,5055000,10362750,10362750,False
EMP0369,2,41,5017000,10284850,10284850,False
EMP0369,3,40,5164000,10328000,10328000,False
EMP0369,4,42,4983000,10464300,10464300,False
EMP0369,5,41,5338000,10942900,10942900,False
EMP0369,6,42,5148000,10810800,10810800,False
EMP0369,7,43,5078000,10917700,10917700,False
EMP0369,8,43,5034000,10823100,10823100,False
EMP0369,9,41,4933000,10112650,10112650,False
EMP0369,10,43,5001000,10752150,10752150,False
EMP0369,11,41,5508000,11291400,11291400,False
EMP0369,12,41,5023000,10297150,10297150,False
EMP0370,1,8,2379000,951600,951600,False
EMP0370,2,7,2378000,832300,832300,False
EMP0370,3,8,2482000,992800,992800,False
EMP0370,4,8,2589000,1035600,1035600,False
EMP0370,5,8,2620000,1048000,1048000,False
EMP0370,6,7,2374000,830900,830900,False
EMP0370,7,9,2480000,1116000,1116000,False
EMP0370,8,8,2427000,970800,970800,False
EMP0370,9,8,2472000,988800,988800,False
EMP0370,10,8,2541000,1016400,1016400,False
EMP0370,11,7,2413000,844550,844550,False
EMP0370,12,8,2449000,979600,979600,False
EMP0371,1,52,2723000,7079800,7079800,False
EMP0371,2,56,2639000,7389200,7389200,False
EMP0371,3,57,2720000,7752000,7752000,False
EMP0371,4,55,2854000,7848500,7848500,False
EMP0371,5,56,2695000,7546000,7546000,False
EMP0371,6,52,2802000,7285200,7285200,False
EMP0371,7,56,2732000,7649600,7649600,False
EMP0371,8,53,2633000,6977450,6977450,False
EMP0371,9,54,2597000,7011900,7011900,False
EMP0371,10,53,2616000,6932400,6932400,False
EMP0371,11,56,2520000,7056000,7056000,False
EMP0371,12,53,2720000,7208000,7208000,False
EMP0372,1,8,4572000,1828800,0,True
EMP0372,2,8,4674000,1869600,1869600,False
EMP0372,3,8,4567000,1826800,1826800,False
EMP0372,4,8,4706000,1882400,1882400,False
EMP0372,5,8,4584000,1833600,1833600,False
EMP0372,6,7,4520000,1582000,1582000,False
EMP0372,7,8,4929000,1971600,1971600,False
EMP0372,8,8,4726000,1890400,1890400,False
EMP0372,9,8,4741000,1896400,1896400,False
EMP0372,10,8,4487000,1794800,0,True
EMP0372,11,8,4449000,1779600,1779600,False
EMP0372,12,8,4577000,1830800,1830800,False
EMP0373,1,31,6093000,9444150,9444150,False
EMP0373,2,31,6188000,9591400,9591400,False
EMP0373,3,30,6169000,9253500,9253500,False
EMP0373,4,31,6404000,9926200,9926200,False
EMP0373,5,32,6514000,10422400,10422400,False
EMP0373,6,31,6381000,9890550,9890550,False
EMP0373,7,32,6144000,9830400,9830400,False
EMP0373,8,32,6027000,9643200,9643200,False
EMP0373,9,30,6497000,9745500,9745500,False
EMP0373,10,31,6520000,10106000,10106000,False
EMP0373,11,33,6422000,10596300,10596300,False
EMP0373,12,31,6244000,9678200,9678200,False
EMP0374,1,51,5776000,14728800,14728800,False
EMP0374,2,52,6101000,15862600,15862600,False
EMP0374,3,51,6235000,15899250,15899250,False
EMP0374,4,53,6541000,17333650,17333650,False
EMP0374,5,54,6486000,17512200,17512200,False
EMP0374,6,54,6463000,17450100,17450100,False
EMP0374,7,52,6373000,16569800,16569800,False
EMP0374,8,51,6139000,15654450,0,True
EMP0374,9,53,6471000,17148150,17148150,False
EMP0374,10,51,6371000,16246050,16246050,False
EMP0374,11,52,5906000,15355600,15355600,False
EMP0374,12,55,6068000,16687000,16687000,False
EMP0375,1,7,6120000,2142000,2142000,False
EMP0375,2,8,6671000,2668400,2668400,False
EMP0375,3,7,6131000,2145850,2145850,False
EMP0375,4,8,6308000,2523200,2523200,False
EMP0375,5,8,6071000,2428400,0,True
EMP0375,6,8,6398000,2559200,2559200,False
EMP0375,7,7,6321000,2212350,2212350,False
EMP0375,8,8,6288000,2515200,2515200,False
EMP0375,9,7,6163000,2157050,2157050,False
EMP0375,10,8,6326000,2530400,2530400,False
EMP0375,11,8,6262000,2504800,2504800,False
EMP0375,12,8,6459000,2583600,2583600,False
EMP0376,1,30,3560000,5340000,5340000,False
EMP0376,2,32,3902000,6243200,6243200,False
EMP0376,3,31,3912000,6063600,6063600,False
EMP0376,4,32,3968000,6348800,6348800,False
EMP0376,5,33,3964000,6540600,6540600,False
EMP0376,6,33,4033000,6654450,6654450,False
EMP0376,7,32,4083000,6532800,6532800,False
EMP0376,8,33,3836000,6329400,6329400,False
EMP0376,9,32,3747000,5995200,5995200,False
EMP0376,10,33,3867000,6380550,6380550,False
EMP0376,11,31,3965000,6145750,6145750,False
EMP0376,12,29,4215000,6111750,6111750,False
EMP0377,1,89,4249000,18908050,18908050,False
EMP0377,2,86,4452000,19143600,19143600,False
EMP0377,3,90,4134000,18603000,18603000,False
EMP0377,4,94,4015000,18870500,18870500,False
EMP0377,5,88,4053000,17833200,17833200,False
EMP0377,6,89,4258000,18948100,18948100,False
EMP0377,7,87,4341000,18883350,18883350,False
EMP0377,8,87,4512000,19627200,19627200,False
EMP0377,9,91,4460000,20293000,20293000,False
EMP0377,10,90,4210000,18945000,18945000,False
EMP0377,11,88,3767000,16574800,16574800,False
EMP0377,12,89,4378000,19482100,19482100,False
EMP0378,1,158,2400000,18960000,18960000,False
EMP0378,2,172,2531000,21766600,21766600,False
EMP0378,3,165,2557000,21095250,21095250,False
EMP0378,4,173,2587000,22377550,22377550,False
EMP0378,5,160,2576000,20608000,20608000,False
EMP0378,6,170,2583000,21955500,21955500,False
EMP0378,7,162,2622000,21238200,21238200,False
EMP0378,8,170,2690000,22865000,22865000,False
EMP0378,9,164,2400000,19680000,19680000,False
EMP0378,10,169,2658000,22460100,0,True
EMP0378,11,172,2560000,22016000,22016000,False
EMP0378,12,161,2504000,20157200,20157200,False
EMP0379,1,119,2696000,16041200,16041200,False
EMP0379,2,122,2709000,16524900,16524900,False
EMP0379,3,120,2679000,16074000,16074000,False
EMP0379,4,117,2728000,15958800,15958800,False
EMP0379,5,119,2723000,16201850,16201850,False
EMP0379,6,121,2728000,16504400,16504400,False
EMP0379,7,124,2675000,16585000,16585000,False
EMP0379,8,122,2719000,16585900,16585900,False
EMP0379,9,122,2739000,16707900,16707900,False
EMP0379,10,117,2583000,15110550,15110550,False
EMP0379,11,128,2518000,16115200,16115200,False
EMP0379,12,118,2798000,16508200,16508200,False
EMP0380,1,216,2625000,28350000,28350000,False
EMP0380,2,202,2764000,27916400,27916400,False
EMP0380,3,210,2675000,28087500,28087500,False
EMP0380,4,214,2618000,28012600,28012600,False
EMP0380,5,207,2525000,26133750,26133750,False
EMP0380,6,215,2684000,28853000,28853000,False
EMP0380,7,217,2635000,28589750,28589750,False
EMP0380,8,208,2729000,28381600,28381600,False
EMP0380,9,207,2531000,26195850,26195850,False
EMP0380,10,206,2658000,27377400,27377400,False
EMP0380,11,216,2782000,30045600,30045600,False
EMP0380,12,218,2654000,28928600,28928600,False
EMP0381,1,67,5358000,17949300,17949300,False
EMP0381,2,70,5261000,18413500,18413500,False
EMP0381,3,64,5447000,17430400,17430400,False
EMP0381,4,69,5353000,18467850,18467850,False
EMP0381,5,67,5213000,17463550,17463550,False
EMP0381,6,66,5310000,17523000,17523000,False
EMP0381,7,71,5353000,19003150,19003150,False
EMP0381,8,68,5008000,17027200,17027200,False
EMP0381,9,67,5236000,17540600,17540600,False
EMP0381,10,70,5399000,18896500,18896500,False
EMP0381,11,66,5368000,17714400,17714400,False
EMP0381,12,67,5430000,18190500,18190500,False
EMP0382,1,234,2292000,26816400,26816400,False
EMP0382,2,226,2132000,24091600,24091600,False
EMP0382,3,216,2158000,23306400,23306400,False
EMP0382,4,235,2291000,26919250,26919250,False
EMP0382,5,231,2130000,24601500,24601500,False
EMP0382,6,231,2285000,26391750,26391750,False
EMP0382,7,233,2004000,23346600,23346600,False
EMP0382,8,225,2172000,24435000,24435000,False
EMP0382,9,223,2295000,25589250,25589250,False
EMP0382,10,231,2176000,25132800,25132800,False
EMP0382,11,227,2089000,23710150,23710150,False
EMP0382,12,237,2218000,26283300,26283300,False
EMP0383,1,35,3941000,6896750,6896750,False
EMP0383,2,35,3643000,6375250,6375250,False
EMP0383,3,34,3844000,6534800,6534800,False
EMP0383,4,33,3688000,6085200,6085200,False
EMP0383,5,35,3615000,6326250,6326250,False
EMP0383,6,35,3870000,6772500,6772500,False
EMP0383,7,35,3741000,6546750,6546750,False
EMP0383,8,34,3737000,6352900,6352900,False
EMP0383,9,33,3827000,6314550,6314550,False
EMP0383,10,35,3965000,6938750,6938750,False
EMP0383,11,34,3975000,6757500,6757500,False
EMP0383,12,34,4130000,7021000,7021000,False
EMP0384,1,51,4042000,10307100,10307100,False
EMP0384,2,49,3959000,9699550,9699550,False
EMP0384,3,53,4281000,11344650,11344650,False
EMP0384,4,51,3876000,9883800,9883800,False
EMP0384,5,49,4237000,10380650,10380650,False
EMP0384,6,51,4104000,10465200,10465200,False
EMP0384,7,49,4139000,10140550,10140550,False
EMP0384,8,49,4147000,10160150,10160150,False
EMP0384,9,51,4059000,10350450,10350450,False
EMP0384,10,51,3964000,10108200,10108200,False
EMP0384,11,51,4139000,10554450,10554450,False
EMP0384,12,50,4159000,10397500,10397500,False
EMP0385,1,37,5122000,9475700,9475700,False
EMP0385,2,33,5092000,8401800,8401800,False
EMP0385,3,38,5044000,9583600,9583600,False
EMP0385,4,35,4902000,8578500,8578500,False
EMP0385,5,36,5160000,9288000,9288000,False
EMP0385,6,34,5303000,9015100,9015100,False
EMP0385,7,36,4995000,8991000,8991000,False
EMP0385,8,35,5391000,9434250,9434250,False
EMP0385,9,33,5277000,8707050,8707050,False
EMP0385,10,35,4923000,8615250,8615250,False
EMP0385,11,34,5388000,9159600,9159600,False
EMP0385,12,34,5349000,9093300,9093300,False
EMP0386,1,63,2592000,8164800,8164800,False
EMP0386,2,62,2526000,7830600,0,True
EMP0386,3,66,2535000,8365500,8365500,False
EMP0386,4,67,2525000,8458750,0,True
EMP0386,5,63,2537000,7991550,0,True
EMP0386,6,65,2590000,8417500,8417500,False
EMP0386,7,65,2575000,8368750,8368750,False
EMP0386,8,66,2473000,8160900,8160900,False
EMP0386,9,62,2531000,7846100,7846100,False
EMP0386,10,61,2634000,8033700,8033700,False
EMP0386,11,62,2585000,8013500,8013500,False
EMP0386,12,65,2730000,8872500,0,True
EMP0387,1,72,3237000,11653200,11653200,False
EMP0387,2,69,3353000,11567850,11567850,False
EMP0387,3,70,3265000,11427500,11427500,False
EMP0387,4,67,3195000,10703250,10703250,False
EMP0387,5,71,3127000,11100850,11100850,False
EMP0387,6,73,2986000,10898900,10898900,False
EMP0387,7,70,3076000,10766000,10766000,False
EMP0387,8,70,3237000,11329500,11329500,False
EMP0387,9,69,3094000,10674300,10674300,False
EMP0387,10,72,3170000,11412000,11412000,False
EMP0387,11,71,3232000,11473600,11473600,False
EMP0387,12,70,3312000,11592000,11592000,False
EMP0388,1,14,2110000,1477000,1477000,False
EMP0388,2,14,2220000,1554000,1554000,False
EMP0388,3,14,2024000,1416800,1416800,False
EMP0388,4,13,2115000,1374750,1374750,False
EMP0388,5,15,2185000,1638750,1638750,False
EMP0388,6,14,2065000,1445500,1445500,False
EMP0388,7,14,2303000,1612100,1612100,False
EMP0388,8,14,2135000,1494500,1494500,False
EMP0388,9,15,2255000,1691250,1691250,False
EMP0388,10,14,2176000,1523200,1523200,False
EMP0388,11,14,2080000,1456000,1456000,False
EMP0388,12,14,2231000,1561700,1561700,False
EMP0389,1,20,2360000,2360000,2360000,False
EMP0389,2,18,2455000,2209500,2209500,False
EMP0389,3,18,2423000,2180700,2180700,False
EMP0389,4,18,2421000,2178900,2178900,False
EMP0389,5,17,2247000,1909950,1909950,False
EMP0389,6,18,2296000,2066400,2066400,False
EMP0389,7,18,2424000,2181600,2181600,False
EMP0389,8,18,2261000,2034900,2034900,False
EMP0389,9,18,2494000,2244600,2244600,False
EMP0389,10,18,2406000,2165400,2165400,False
EMP0389,11,18,2508000,2257200,2257200,False
EMP0389,12,18,2384000,2145600,2145600,False
EMP0390,1,305,2020000,30805000,30805000,False
EMP0390,2,296,1990000,29452000,29452000,False
EMP0390,3,301,1962000,29528100,29528100,False
EMP0390,4,305,2006000,30591500,30591500,False
EMP0390,5,301,2050000,30852500,30852500,False
EMP0390,6,301,2049000,30837450,30837450,False
EMP0390,7,300,2052000,30780000,30780000,False
EMP0390,8,305,1991000,30362750,30362750,False
EMP0390,9,282,2075000,29257500,29257500,False
EMP0390,10,308,1967000,30291800,30291800,False
EMP0390,11,285,1959000,27915750,27915750,False
EMP0390,12,304,2110000,32072000,32072000,False
EMP0391,1,257,2951000,37920350,37920350,False
EMP0391,2,272,2750000,37400000,37400000,False
EMP0391,3,269,2728000,36691600,36691600,False
EMP0391,4,257,2733000,35119050,0,True
EMP0391,5,256,2793000,35750400,0,True
EMP0391,6,261,2701000,35248050,35248050,False
EMP0391,7,259,2773000,35910350,35910350,False
EMP0391,8,252,2947000,37132200,37132200,False
EMP0391,9,266,2708000,36016400,36016400,False
EMP0391,10,262,2737000,35854700,35854700,False
EMP0391,11,261,2803000,36579150,36579150,False
EMP0391,12,263,2711000,35649650,35649650,False
EMP0392,1,88,4813000,21177200,21177200,False
EMP0392,2,87,4678000,20349300,20349300,False
EMP0392,3,85,4648000,19754000,19754000,False
EMP0392,4,84,4720000,19824000,19824000,False
EMP0392,5,84,4919000,20659800,20659800,False
EMP0392,6,85,4537000,19282250,19282250,False
EMP0392,7,85,4562000,19388500,19388500,False
EMP0392,8,89,4819000,21444550,21444550,False
EMP0392,9,82,4667000,19134700,19134700,False
EMP0392,10,88,4947000,21766800,21766800,False
EMP0392,11,88,5071000,22312400,22312400,False
EMP0392,12,85,4726000,20085500,20085500,False
EMP0393,1,152,3504000,26630400,26630400,False
EMP0393,2,160,3410000,27280000,27280000,False
EMP0393,3,155,3543000,27458250,27458250,False
EMP0393,4,152,3632000,27603200,27603200,False
EMP0393,5,155,3541000,27442750,27442750,False
EMP0393,6,154,3672000,28274400,28274400,False
EMP0393,7,154,3689000,28405300,28405300,False
EMP0393,8,150,3722000,27915000,27915000,False
EMP0393,9,153,3510000,26851500,26851500,False
EMP0393,10,156,3538000,27596400,0,True
EMP0393,11,149,3546000,26417700,26417700,False
EMP0393,12,150,3656000,27420000,27420000,False
EMP0394,1,243,2598000,31565700,31565700,False
EMP0394,2,242,2705000,32730500,32730500,False
EMP0394,3,243,2665000,32379750,32379750,False
EMP0394,4,243,2649000,32185350,32185350,False
EMP0394,5,235,2498000,29351500,29351500,False
EMP0394,6,234,2491000,29144700,29144700,False
EMP0394,7,254,2580000,32766000,32766000,False
EMP0394,8,238,2652000,31558800,31558800,False
EMP0394,9,238,2736000,32558400,32558400,False
EMP0394,10,245,2634000,32266500,32266500,False
EMP0394,11,257,2643000,33962550,33962550,False
EMP0394,12,242,2668000,32282800,32282800,False
EMP0395,1,132,5649000,37283400,37283400,False
EMP0395,2,142,5575000,39582500,39582500,False
EMP0395,3,142,5647000,40093700,40093700,False
EMP0395,4,151,5566000,42023300,42023300,False
EMP0395,5,140,5768000,40376000,40376000,False
EMP0395,6,144,5435000,39132000,39132000,False
EMP0395,7,150,5480000,41100000,41100000,False
EMP0395,8,139,5780000,40171000,40171000,False
EMP0395,9,139,5488000,38141600,38141600,False
EMP0395,10,144,5621000,40471200,40471200,False
EMP0395,11,143,5415000,38717250,38717250,False
EMP0395,12,146,5605000,40916500,40916500,False
EMP0396,1,320,2677000,42832000,42832000,False
EMP0396,2,328,2583000,42361200,42361200,False
EMP0396,3,327,2703000,44194050,44194050,False
EMP0396,4,339,2657000,45036150,45036150,False
EMP0396,5,306,2660000,40698000,40698000,False
EMP0396,6,311,2618000,40709900,40709900,False
EMP0396,7,325,2753000,44736250,44736250,False
EMP0396,8,327,2741000,44815350,44815350,False
EMP0396,9,335,2568000,43014000,43014000,False
EMP0396,10,315,2627000,41375250,41375250,False
EMP0396,11,327,2651000,43343850,43343850,False
EMP0396,12,317,2590000,41051500,41051500,False
EMP0397,1,43,14889000,32011350,32011350,False
EMP0397,2,44,15421000,33926200,33926200,False
EMP0397,3,45,15885000,35741250,35741250,False
EMP0397,4,42,16161000,33938100,33938100,False
EMP0397,5,43,15696000,33746400,33746400,False
EMP0397,6,47,15683000,36855050,36855050,False
EMP0397,7,43,15549000,33430350,33430350,False
EMP0397,8,45,16319000,36717750,0,True
EMP0397,9,43,14975000,32196250,32196250,False
EMP0397,10,45,15776000,35496000,35496000,False
EMP0397,11,45,15105000,33986250,33986250,False
EMP0397,12,43,15398000,33105700,33105700,False
EMP0398,1,178,3300000,29370000,29370000,False
EMP0398,2,193,3353000,32356450,32356450,False
EMP0398,3,186,3411000,31722300,31722300,False
EMP0398,4,185,3394000,31394500,31394500,False
EMP0398,5,195,3484000,33969000,33969000,False
EMP0398,6,175,3445000,30143750,30143750,False
EMP0398,7,186,3191000,29676300,29676300,False
EMP0398,8,175,3329000,29128750,29128750,False
EMP0398,9,183,3279000,30002850,30002850,False
EMP0398,10,181,3438000,31113900,31113900,False
EMP0398,11,182,3295000,29984500,29984500,False
EMP0398,12,185,3395000,31403750,31403750,False
EMP0399,1,116,5728000,33222400,33222400,False
EMP0399,2,117,5571000,32590350,32590350,False
EMP0399,3,117,5474000,32022900,32022900,False
EMP0399,4,112,5392000,30195200,30195200,False
EMP0399,5,120,5533000,33198000,33198000,False
EMP0399,6,116,5652000,32781600,32781600,False
EMP0399,7,112,4931000,27613600,27613600,False
EMP0399,8,112,5562000,31147200,31147200,False
EMP0399,9,119,5750000,34212500,34212500,False
EMP0399,10,121,5689000,34418450,34418450,False
EMP0399,11,115,5241000,30135750,30135750,False
EMP0399,12,115,5664000,32568000,32568000,False
EMP0400,1,98,4016000,19678400,19678400,False
EMP0400,2,102,3894000,19859400,19859400,False
EMP0400,3,102,4314000,22001400,22001400,False
EMP0400,4,97,3873000,18784050,18784050,False
EMP0400,5,101,4025000,20326250,20326250,False
EMP0400,6,96,4105000,19704000,19704000,False
EMP0400,7,94,4071000,19133700,19133700,False
EMP0400,8,101,3837000,19376850,19376850,False
EMP0400,9,99,3971000,19656450,19656450,False
EMP0400,10,100,4189000,20945000,20945000,False
EMP0400,11,99,3993000,19765350,19765350,False
EMP0400,12,104,3967000,20628400,20628400,False
EMP0401,1,114,2025000,11542500,11542500,False
EMP0401,2,108,2021000,10913400,10913400,False
EMP0401,3,110,1918000,10549000,10549000,False
EMP0401,4,115,2028000,11661000,11661000,False
EMP0401,5,113,2057000,11622050,11622050,False
EMP0401,6,113,2085000,11780250,11780250,False
EMP0401,7,117,2103000,12302550,12302550,False
EMP0401,8,112,2066000,11569600,11569600,False
EMP0401,9,105,1996000,10479000,10479000,False
EMP0401,10,116,1947000,11292600,11292600,False
EMP0401,11,116,1998000,11588400,11588400,False
EMP0401,12,117,1989000,11635650,11635650,False
EMP0402,1,95,2587000,12288250,12288250,False
EMP0402,2,83,2714000,11263100,11263100,False
EMP0402,3,98,2667000,13068300,13068300,False
EMP0402,4,91,2633000,11980150,11980150,False
EMP0402,5,93,2744000,12759600,12759600,False
EMP0402,6,86,2672000,11489600,11489600,False
EMP0402,7,102,2699000,13764900,13764900,False
EMP0402,8,97,2521000,12226850,12226850,False
EMP0402,9,99,2476000,12256200,12256200,False
EMP0402,10,96,2588000,12422400,12422400,False
EMP0402,11,95,2578000,12245500,12245500,False
EMP0402,12,99,2606000,12899700,12899700,False
EMP0403,1,112,3927000,21991200,0,True
EMP0403,2,110,4074000,22407000,22407000,False
EMP0403,3,108,4109000,22188600,22188600,False
EMP0403,4,104,4283000,22271600,22271600,False
EMP0403,5,109,4181000,22786450,22786450,False
EMP0403,6,109,4166000,22704700,22704700,False
EMP0403,7,110,4232000,23276000,23276000,False
EMP0403,8,106,4139000,21936700,21936700,False
EMP0403,9,107,4313000,23074550,23074550,False
EMP0403,10,109,4003000,21816350,21816350,False
EMP0403,11,106,4047000,21449100,21449100,False
EMP0403,12,110,4296000,23628000,23628000,False
EMP0404,1,315,1974000,31090500,31090500,False
EMP0404,2,327,1899000,31048650,31048650,False
EMP0404,3,291,1815000,26408250,26408250,False
EMP0404,4,305,1949000,29722250,29722250,False
EMP0404,5,315,1913000,30129750,30129750,False
EMP0404,6,302,1991000,30064100,30064100,False
EMP0404,7,310,1900000,29450000,29450000,False
EMP0404,8,307,1911000,29333850,29333850,False
EMP0404,9,321,1910000,30655500,30655500,False
EMP0404,10,310,1912000,29636000,29636000,False
EMP0404,11,313,1877000,29375050,29375050,False
EMP0404,12,307,1929000,29610150,29610150,False
EMP0405,1,148,4706000,34824400,34824400,False
EMP0405,2,142,4784000,33966400,0,True
EMP0405,3,148,4542000,33610800,33610800,False
EMP0405,4,140,4710000,32970000,0,True
EMP0405,5,138,4605000,31774500,31774500,False
EMP0405,6,144,4457000,32090400,32090400,False
EMP0405,7,138,4752000,32788800,32788800,False
EMP0405,8,144,4914000,35380800,35380800,False
EMP0405,9,144,4827000,34754400,34754400,False
EMP0405,10,138,4603000,31760700,0,True
EMP0405,11,135,4724000,31887000,31887000,False
EMP0405,12,147,4719000,34684650,34684650,False
EMP0406,1,180,4637000,41733000,0,True
EMP0406,2,191,4467000,42659850,42659850,False
EMP0406,3,192,4572000,43891200,43891200,False
EMP0406,4,180,4632000,41688000,41688000,False
EMP0406,5,195,4363000,42539250,42539250,False
EMP0406,6,181,4794000,43385700,43385700,False
EMP0406,7,185,4750000,43937500,43937500,False
EMP0406,8,187,4841000,45263350,45263350,False
EMP0406,9,180,4670000,42030000,42030000,False
EMP0406,10,185,4747000,43909750,0,True
EMP0406,11,185,4656000,43068000,43068000,False
EMP0406,12,183,4836000,44249400,44249400,False
EMP0407,1,79,5867000,23174650,23174650,False
EMP0407,2,73,5283000,19282950,19282950,False
EMP0407,3,78,5725000,22327500,22327500,False
EMP0407,4,81,5981000,24223050,24223050,False
EMP0407,5,74,5593000,20694100,20694100,False
EMP0407,6,78,5927000,23115300,23115300,False
EMP0407,7,78,5701000,22233900,22233900,False
EMP0407,8,75,5699000,21371250,21371250,False
EMP0407,9,81,5496000,22258800,22258800,False
EMP0407,10,72,5782000,20815200,20815200,False
EMP0407,11,76,5562000,21135600,21135600,False
EMP0407,12,75,5704000,21390000,21390000,False
EMP0408,1,171,3161000,27026550,27026550,False
EMP0408,2,186,3211000,29862300,29862300,False
EMP0408,3,170,2963000,25185500,25185500,False
EMP0408,4,186,3300000,30690000,30690000,False
EMP0408,5,172,3003000,25825800,25825800,False
EMP0408,6,176,3264000,28723200,28723200,False
EMP0408,7,171,3335000,28514250,28514250,False
EMP0408,8,176,3260000,28688000,28688000,False
EMP0408,9,169,3197000,27014650,27014650,False
EMP0408,10,180,3343000,30087000,30087000,False
EMP0408,11,166,3351000,27813300,27813300,False
EMP0408,12,175,3203000,28026250,28026250,False
EMP0409,1,162,3685000,29848500,29848500,False
EMP0409,2,162,3987000,32294700,32294700,False
EMP0409,3,163,3781000,30815150,30815150,False
EMP0409,4,167,3730000,31145500,31145500,False
EMP0409,5,156,3881000,30271800,30271800,False
EMP0409,6,166,3722000,30892600,30892600,False
EMP0409,7,163,3950000,32192500,32192500,False
EMP0409,8,165,3666000,30244500,30244500,False
EMP0409,9,166,3760000,31208000,31208000,False
EMP0409,10,163,3738000,30464700,30464700,False
EMP0409,11,158,3813000,30122700,30122700,False
EMP0409,12,162,3692000,29905200,29905200,False
EMP0410,1,94,7990000,37553000,37553000,False
EMP0410,2,94,8129000,38206300,0,True
EMP0410,3,94,8046000,37816200,0,True
EMP0410,4,95,7832000,37202000,37202000,False
EMP0410,5,94,7487000,35188900,35188900,False
EMP0410,6,101,8021000,40506050,40506050,False
EMP0410,7,98,7648000,37475200,37475200,False
EMP0410,8,93,8549000,39752850,39752850,False
EMP0410,9,97,7934000,38479900,38479900,False
EMP0410,10,93,8268000,38446200,38446200,False
EMP0410,11,96,8035000,38568000,0,True
EMP0410,12,87,8246000,35870100,0,True
EMP0411,1,41,3198000,6555900,6555900,False
EMP0411,2,40,3087000,6174000,6174000,False
EMP0411,3,40,3179000,6358000,6358000,False
EMP0411,4,38,3078000,5848200,5848200,False
EMP0411,5,39,2977000,5805150,5805150,False
EMP0411,6,40,3172000,6344000,6344000,False
EMP0411,7,39,3028000,5904600,5904600,False
EMP0411,8,39,3114000,6072300,6072300,False
EMP0411,9,40,3065000,6130000,6130000,False
EMP0411,10,41,3152000,6461600,6461600,False
EMP0411,11,37,3072000,5683200,5683200,False
EMP0411,12,40,3300000,6600000,6600000,False
EMP0412,1,104,2512000,13062400,13062400,False
EMP0412,2,105,2479000,13014750,13014750,False
EMP0412,3,112,2619000,14666400,14666400,False
EMP0412,4,110,2575000,14162500,14162500,False
EMP0412,5,106,2533000,13424900,13424900,False
EMP0412,6,107,2493000,13337550,13337550,False
EMP0412,7,108,2581000,13937400,13937400,False
EMP0412,8,103,2643000,13611450,13611450,False
EMP0412,9,100,2650000,13250000,13250000,False
EMP0412,10,107,2634000,14091900,14091900,False
EMP0412,11,110,2567000,14118500,14118500,False
EMP0412,12,100,2615000,13075000,13075000,False
EMP0413,1,209,3599000,37609550,37609550,False
EMP0413,2,214,3638000,38926600,38926600,False
EMP0413,3,203,3725000,37808750,37808750,False
EMP0413,4,211,3680000,38824000,38824000,False
EMP0413,5,211,3623000,38222650,38222650,False
EMP0413,6,205,3734000,38273500,38273500,False
EMP0413,7,215,3656000,39302000,0,True
EMP0413,8,220,3778000,41558000,41558000,False
EMP0413,9,217,3822000,41468700,41468700,False
EMP0413,10,221,3617000,39967850,39967850,False
EMP0413,11,220,3758000,41338000,0,True
EMP0413,12,205,3641000,37320250,37320250,False
EMP0414,1,51,2540000,6477000,6477000,False
EMP0414,2,52,2608000,6780800,6780800,False
EMP0414,3,51,2800000,7140000,7140000,False
EMP0414,4,49,2753000,6744850,6744850,False
EMP0414,5,53,2651000,7025150,7025150,False
EMP0414,6,54,2520000,6804000,6804000,False
EMP0414,7,51,2763000,7045650,7045650,False
EMP0414,8,53,2547000,6749550,6749550,False
EMP0414,9,55,2668000,7337000,7337000,False
EMP0414,10,65,2709000,8804250,8804250,False
EMP0414,11,52,2698000,7014800,7014800,False
EMP0414,12,54,2657000,7173900,7173900,False
EMP0415,1,90,2734000,12303000,12303000,False
EMP0415,2,85,2646000,11245500,11245500,False
EMP0415,3,87,2678000,11649300,11649300,False
EMP0415,4,89,2562000,11400900,11400900,False
EMP0415,5,90,2714000,12213000,12213000,False
EMP0415,6,91,2699000,12280450,12280450,False
EMP0415,7,88,2660000,11704000,11704000,False
EMP0415,8,91,2743000,12480650,12480650,False
EMP0415,9,88,2833000,12465200,12465200,False
EMP0415,10,90,2759000,12415500,12415500,False
EMP0415,11,84,2661000,11176200,11176200,False
EMP0415,12,90,2699000,12145500,12145500,False
EMP0416,1,92,2266000,10423600,10423600,False
EMP0416,2,96,2360000,11328000,11328000,False
EMP0416,3,95,2287000,10863250,10863250,False
EMP0416,4,91,2241000,10196550,10196550,False
EMP0416,5,94,2281000,10720700,10720700,False
EMP0416,6,93,2336000,10862400,10862400,False
EMP0416,7,90,2337000,10516500,10516500,False
EMP0416,8,93,2198000,10220700,10220700,False
EMP0416,9,97,2352000,11407200,11407200,False
EMP0416,10,95,2427000,11528250,11528250,False
EMP0416,11,93,2199000,10225350,10225350,False
EMP0416,12,97,2284000,11077400,11077400,False
EMP0417,1,63,1728000,5443200,5443200,False
EMP0417,2,68,1710000,5814000,5814000,False
EMP0417,3,69,1774000,6120300,6120300,False
EMP0417,4,70,1760000,6160000,6160000,False
EMP0417,5,66,1880000,6204000,6204000,False
EMP0417,6,68,1763000,5994200,5994200,False
EMP0417,7,70,1836000,6426000,6426000,False
EMP0417,8,69,1667000,5751150,5751150,False
EMP0417,9,72,1704000,6134400,6134400,False
EMP0417,10,69,1851000,6385950,6385950,False
EMP0417,11,64,1690000,5408000,5408000,False
EMP0417,12,66,1786000,5893800,5893800,False
EMP0418,1,115,2991000,17198250,17198250,False
EMP0418,2,113,2868000,16204200,16204200,False
EMP0418,3,116,2829000,16408200,16408200,False
EMP0418,4,111,2904000,16117200,16117200,False
EMP0418,5,112,3075000,17220000,17220000,False
EMP0418,6,112,2828000,15836800,0,True
EMP0418,7,113,2788000,15752200,15752200,False
EMP0418,8,115,2975000,17106250,17106250,False
EMP0418,9,113,2854000,16125100,16125100,False
EMP0418,10,110,2750000,15125000,15125000,False
EMP0418,11,116,2848000,16518400,16518400,False
EMP0418,12,112,2994000,16766400,16766400,False
EMP0419,1,76,5706000,21682800,21682800,False
EMP0419,2,76,5728000,21766400,21766400,False
EMP0419,3,76,6029000,22910200,22910200,False
EMP0419,4,72,5832000,20995200,20995200,False
EMP0419,5,76,5672000,21553600,21553600,False
EMP0419,6,71,6011000,21339050,21339050,False
EMP0419,7,78,5432000,21184800,21184800,False
EMP0419,8,77,5700000,21945000,21945000,False
EMP0419,9,76,5681000,21587800,21587800,False
EMP0419,10,73,5968000,21783200,21783200,False
EMP0419,11,73,5521000,20151650,20151650,False
EMP0419,12,77,5685000,21887250,21887250,False
EMP0420,1,85,2991000,12711750,12711750,False
EMP0420,2,81,3090000,12514500,12514500,False
EMP0420,3,74,2992000,11070400,11070400,False
EMP0420,4,68,3114000,10587600,10587600,False
EMP0420,5,79,3005000,11869750,11869750,False
EMP0420,6,75,3210000,12037500,12037500,False
EMP0420,7,76,3019000,11472200,11472200,False
EMP0420,8,77,3031000,11669350,11669350,False
EMP0420,9,76,3075000,11685000,11685000,False
EMP0420,10,69,2954000,10191300,10191300,False
EMP0420,11,73,2991000,10917150,10917150,False
EMP0420,12,78,3155000,12304500,12304500,False
EMP0421,1,50,5996000,14990000,14990000,False
EMP0421,2,52,5949000,15467400,0,True
EMP0421,3,53,5811000,15399150,15399150,False
EMP0421,4,52,6235000,16211000,16211000,False
EMP0421,5,53,6066000,16074900,16074900,False
EMP0421,6,52,6324000,16442400,16442400,False
EMP0421,7,54,6069000,16386300,16386300,False
EMP0421,8,55,6377000,17536750,17536750,False
EMP0421,9,52,6174000,16052400,16052400,False
EMP0421,10,55,6281000,17272750,17272750,False
EMP0421,11,56,6215000,17402000,17402000,False
EMP0421,12,51,6269000,15985950,15985950,False
EMP0422,1,124,3116000,19319200,19319200,False
EMP0422,2,127,3096000,19659600,19659600,False
EMP0422,3,124,3254000,20174800,20174800,False
EMP0422,4,128,3188000,20403200,20403200,False
EMP0422,5,127,3369000,21393150,21393150,False
EMP0422,6,126,3133000,19737900,19737900,False
EMP0422,7,123,2930000,18019500,18019500,False
EMP0422,8,127,3062000,19443700,19443700,False
EMP0422,9,124,3116000,19319200,19319200,False
EMP0422,10,125,3174000,19837500,19837500,False
EMP0422,11,122,3230000,19703000,19703000,False
EMP0422,12,116,3098000,17968400,17968400,False
EMP0423,1,307,2219000,34061650,34061650,False
EMP0423,2,283,2178000,30818700,30818700,False
EMP0423,3,295,2296000,33866000,33866000,False
EMP0423,4,305,2173000,33138250,33138250,False
EMP0423,5,300,2262000,33930000,33930000,False
EMP0423,6,283,2193000,31030950,31030950,False
EMP0423,7,306,2138000,32711400,32711400,False
EMP0423,8,306,2224000,34027200,34027200,False
EMP0423,9,319,2229000,35552550,35552550,False
EMP0423,10,303,2166000,32814900,32814900,False
EMP0423,11,301,2211000,33275550,33275550,False
EMP0423,12,299,2182000,32620900,32620900,False
EMP0424,1,85,3742000,15903500,15903500,False
EMP0424,2,83,3935000,16330250,16330250,False
EMP0424,3,84,3857000,16199400,16199400,False
EMP0424,4,87,3945000,17160750,17160750,False
EMP0424,5,88,4091000,18000400,18000400,False
EMP0424,6,89,3773000,16789850,16789850,False
EMP0424,7,88,4079000,17947600,17947600,False
EMP0424,8,86,3920000,16856000,16856000,False
EMP0424,9,81,3819000,15466950,15466950,False
EMP0424,10,85,4183000,17777750,17777750,False
EMP0424,11,85,3977000,16902250,16902250,False
EMP0424,12,86,3958000,17019400,17019400,False
EMP0425,1,108,5049000,27264600,27264600,False
EMP0425,2,106,4967000,26325100,26325100,False
EMP0425,3,103,4834000,24895100,24895100,False
EMP0425,4,106,5012000,26563600,26563600,False
EMP0425,5,106,4758000,25217400,25217400,False
EMP0425,6,112,4702000,26331200,26331200,False
EMP0425,7,106,4894000,25938200,25938200,False
EMP0425,8,112,4736000,26521600,26521600,False
EMP0425,9,110,4995000,27472500,27472500,False
EMP0425,10,103,5023000,25868450,25868450,False
EMP0425,11,106,4765000,25254500,0,True
EMP0425,12,111,4688000,26018400,26018400,False
EMP0426,1,7,3242000,1134700,1134700,False
EMP0426,2,7,3178000,1112300,1112300,False
EMP0426,3,7,3253000,1138550,1138550,False
EMP0426,4,7,3184000,1114400,1114400,False
EMP0426,5,7,3165000,1107750,1107750,False
EMP0426,6,7,3219000,1126650,1126650,False
EMP0426,7,7,3085000,1079750,1079750,False
EMP0426,8,7,3162000,1106700,1106700,False
EMP0426,9,7,3109000,1088150,1088150,False
EMP0426,10,7,3038000,1063300,1063300,False
EMP0426,11,7,3116000,1090600,1090600,False
EMP0426,12,7,3048000,1066800,1066800,False
EMP0427,1,76,3268000,12418400,12418400,False
EMP0427,2,75,3127000,11726250,11726250,False
EMP0427,3,77,3316000,12766600,12766600,False
EMP0427,4,73,3240000,11826000,11826000,False
EMP0427,5,76,3111000,11821800,11821800,False
EMP0427,6,76,3088000,11734400,0,True
EMP0427,7,74,3261000,12065700,12065700,False
EMP0427,8,76,3492000,13269600,13269600,False
EMP0427,9,71,3338000,11849900,11849900,False
EMP0427,10,73,3345000,12209250,12209250,False
EMP0427,11,74,3138000,11610600,11610600,False
EMP0427,12,74,3292000,12180400,12180400,False
EMP0428,1,83,2341000,9715150,9715150,False
EMP0428,2,80,2252000,9008000,9008000,False
EMP0428,3,80,2186000,8744000,8744000,False
EMP0428,4,85,2382000,10123500,10123500,False
EMP0428,5,82,2427000,9950700,9950700,False
EMP0428,6,80,2404000,9616000,9616000,False
EMP0428,7,80,2365000,9460000,9460000,False
EMP0428,8,80,2267000,9068000,9068000,False
EMP0428,9,83,2431000,10088650,10088650,False
EMP0428,10,81,2426000,9825300,9825300,False
EMP0428,11,82,2220000,9102000,9102000,False
EMP0428,12,79,2329000,9199550,9199550,False
EMP0429,1,66,5081000,16767300,16767300,False
EMP0429,2,63,4775000,15041250,15041250,False
EMP0429,3,72,5334000,19202400,19202400,False
EMP0429,4,69,4914000,16953300,16953300,False
EMP0429,5,72,5236000,18849600,18849600,False
EMP0429,6,67,5044000,16897400,16897400,False
EMP0429,7,68,4763000,16194200,16194200,False
EMP0429,8,68,4762000,16190800,16190800,False
EMP0429,9,70,5329000,18651500,18651500,False
EMP0429,10,70,5192000,18172000,0,True
EMP0429,11,67,4879000,16344650,0,True
EMP0429,12,69,4957000,17101650,17101650,False
EMP0430,1,161,4154000,33439700,33439700,False
EMP0430,2,164,4281000,35104200,35104200,False
EMP0430,3,160,4288000,34304000,34304000,False
EMP0430,4,162,4248000,34408800,34408800,False
EMP0430,5,166,4179000,34685700,34685700,False
EMP0430,6,169,3942000,33309900,33309900,False
EMP0430,7,164,4031000,33054200,33054200,False
EMP0430,8,165,4317000,35615250,35615250,False
EMP0430,9,165,4148000,34221000,34221000,False
EMP0430,10,166,3988000,33100400,33100400,False
EMP0430,11,163,4144000,33773600,33773600,False
EMP0430,12,151,3904000,29475200,29475200,False
EMP0431,1,23,3798000,4367700,4367700,False
EMP0431,2,25,3897000,4871250,4871250,False
EMP0431,3,25,3751000,4688750,4688750,False
EMP0431,4,24,3934000,4720800,0,True
EMP0431,5,23,3722000,4280300,4280300,False
EMP0431,6,22,3871000,4258100,4258100,False
EMP0431,7,24,3886000,4663200,4663200,False
EMP0431,8,22,3799000,4178900,4178900,False
EMP0431,9,22,4031000,4434100,4434100,False
EMP0431,10,26,3862000,5020600,5020600,False
EMP0431,11,24,3901000,4681200,4681200,False
EMP0431,12,22,3808000,4188800,4188800,False
EMP0432,1,45,6717000,15113250,15113250,False
EMP0432,2,45,7372000,16587000,16587000,False
EMP0432,3,45,6820000,15345000,15345000,False
EMP0432,4,42,6800000,14280000,0,True
EMP0432,5,42,6784000,14246400,14246400,False
EMP0432,6,42,6468000,13582800,13582800,False
EMP0432,7,41,6631000,13593550,13593550,False
EMP0432,8,42,6983000,14664300,14664300,False
EMP0432,9,44,6796000,14951200,14951200,False
EMP0432,10,42,6486000,13620600,13620600,False
EMP0432,11,43,6958000,14959700,14959700,False
EMP0432,12,40,6642000,13284000,13284000,False
EMP0433,1,142,4910000,34861000,34861000,False
EMP0433,2,154,5161000,39739700,39739700,False
EMP0433,3,153,5107000,39068550,39068550,False
EMP0433,4,149,5062000,37711900,37711900,False
EMP0433,5,141,5031000,35468550,35468550,False
EMP0433,6,157,4913000,38567050,38567050,False
EMP0433,7,148,5054000,37399600,37399600,False
EMP0433,8,152,4845000,36822000,36822000,False
EMP0433,9,146,4990000,36427000,36427000,False
EMP0433,10,143,4970000,35535500,35535500,False
EMP0433,11,150,5166000,38745000,38745000,False
EMP0433,12,149,5207000,38792150,38792150,False
EMP0434,1,50,4674000,11685000,11685000,False
EMP0434,2,54,4892000,13208400,13208400,False
EMP0434,3,58,4487000,13012300,13012300,False
EMP0434,4,56,4637000,12983600,12983600,False
EMP0434,5,55,4665000,12828750,12828750,False
EMP0434,6,55,4775000,13131250,13131250,False
EMP0434,7,55,4629000,12729750,12729750,False
EMP0434,8,58,4782000,13867800,13867800,False
EMP0434,9,52,4568000,11876800,11876800,False
EMP0434,10,55,4757000,13081750,13081750,False
EMP0434,11,57,4793000,13660050,13660050,False
EMP0434,12,57,4453000,12691050,12691050,False
EMP0435,1,45,4406000,9913500,9913500,False
EMP0435,2,48,4599000,11037600,11037600,False
EMP0435,3,47,4531000,10647850,10647850,False
EMP0435,4,47,4547000,10685450,10685450,False
EMP0435,5,48,4569000,10965600,10965600,False
EMP0435,6,49,4751000,11639950,11639950,False
EMP0435,7,46,4509000,10370700,10370700,False
EMP0435,8,48,4640000,11136000,11136000,False
EMP0435,9,49,4687000,11483150,11483150,False
EMP0435,10,48,4408000,10579200,10579200,False
EMP0435,11,48,4525000,10860000,10860000,False
EMP0435,12,48,4560000,10944000,10944000,False
EMP0436,1,196,3879000,38014200,38014200,False
EMP0436,2,180,3879000,34911000,34911000,False
EMP0436,3,193,4072000,39294800,0,True
EMP0436,4,192,4073000,39100800,39100800,False
EMP0436,5,186,3967000,36893100,36893100,False
EMP0436,6,186,4130000,38409000,38409000,False
EMP0436,7,190,3943000,37458500,37458500,False
EMP0436,8,187,4084000,38185400,38185400,False
EMP0436,9,189,4067000,38433150,38433150,False
EMP0436,10,179,4086000,36569700,36569700,False
EMP0436,11,190,3794000,36043000,36043000,False
EMP0436,12,179,3890000,34815500,34815500,False
EMP0437,1,18,2407000,2166300,2166300,False
EMP0437,2,20,2413000,2413000,2413000,False
EMP0437,3,19,2550000,2422500,2422500,False
EMP0437,4,20,2488000,2488000,2488000,False
EMP0437,5,19,2513000,2387350,2387350,False
EMP0437,6,19,2374000,2255300,2255300,False
EMP0437,7,20,2469000,2469000,2469000,False
EMP0437,8,20,2434000,2434000,0,True
EMP0437,9,19,2520000,2394000,2394000,False
EMP0437,10,20,2408000,2408000,0,True
EMP0437,11,19,2477000,2353150,2353150,False
EMP0437,12,20,2391000,2391000,2391000,False
EMP0438,1,52,2412000,6271200,6271200,False
EMP0438,2,51,2484000,6334200,6334200,False
EMP0438,3,50,2592000,6480000,6480000,False
EMP0438,4,51,2486000,6339300,6339300,False
EMP0438,5,52,2320000,6032000,6032000,False
EMP0438,6,48,2499000,5997600,5997600,False
EMP0438,7,51,2565000,6540750,6540750,False
EMP0438,8,50,2462000,6155000,6155000,False
EMP0438,9,49,2489000,6098050,6098050,False
EMP0438,10,49,2499000,6122550,6122550,False
EMP0438,11,54,2484000,6706800,6706800,False
EMP0438,12,50,2527000,6317500,6317500,False
EMP0439,1,92,4376000,20129600,20129600,False
EMP0439,2,92,4239000,19499400,19499400,False
EMP0439,3,91,4267000,19414850,19414850,False
EMP0439,4,90,4297000,19336500,19336500,False
EMP0439,5,89,4283000,19059350,19059350,False
EMP0439,6,92,4046000,18611600,18611600,False
EMP0439,7,87,4271000,18578850,18578850,False
EMP0439,8,90,4112000,18504000,18504000,False
EMP0439,9,88,4364000,19201600,19201600,False
EMP0439,10,91,4227000,19232850,19232850,False
EMP0439,11,90,4168000,18756000,18756000,False
EMP0439,12,93,4308000,20032200,20032200,False
EMP0440,1,68,3088000,10499200,10499200,False
EMP0440,2,70,3126000,10941000,10941000,False
EMP0440,3,64,3196000,10227200,10227200,False
EMP0440,4,66,3136000,10348800,10348800,False
EMP0440,5,67,3155000,10569250,10569250,False
EMP0440,6,67,3004000,10063400,10063400,False
EMP0440,7,63,3101000,9768150,9768150,False
EMP0440,8,66,3019000,9962700,9962700,False
EMP0440,9,67,2983000,9993050,0,True
EMP0440,10,69,2950000,10177500,10177500,False
EMP0440,11,68,3080000,10472000,0,True
EMP0440,12,68,2998000,10193200,10193200,False
EMP0441,1,149,4963000,36974350,36974350,False
EMP0441,2,137,5461000,37407850,37407850,False
EMP0441,3,142,4977000,35336700,35336700,False
EMP0441,4,147,5276000,38778600,38778600,False
EMP0441,5,136,5183000,35244400,0,True
EMP0441,6,139,5341000,37119950,37119950,False
EMP0441,7,141,5352000,37731600,37731600,False
EMP0441,8,148,5562000,41158800,41158800,False
EMP0441,9,146,5445000,39748500,39748500,False
EMP0441,10,141,5142000,36251100,36251100,False
EMP0441,11,141,5204000,36688200,36688200,False
EMP0441,12,135,5079000,34283250,34283250,False
EMP0442,1,53,3894000,10319100,0,True
EMP0442,2,50,3841000,9602500,9602500,False
EMP0442,3,50,3745000,9362500,9362500,False
EMP0442,4,52,3538000,9198800,9198800,False
EMP0442,5,50,3593000,8982500,8982500,False
EMP0442,6,54,3644000,9838800,9838800,False
EMP0442,7,53,3759000,9961350,9961350,False
EMP0442,8,52,3756000,9765600,9765600,False
EMP0442,9,50,3728000,9320000,9320000,False
EMP0442,10,52,3868000,10056800,10056800,False
EMP0442,11,50,3488000,8720000,8720000,False
EMP0442,12,50,3656000,9140000,9140000,False
EMP0443,1,70,4248000,14868000,14868000,False
EMP0443,2,71,3977000,14118350,14118350,False
EMP0443,3,68,4019000,13664600,13664600,False
EMP0443,4,67,4070000,13634500,13634500,False
EMP0443,5,66,3886000,12823800,12823800,False
EMP0443,6,67,3993000,13376550,13376550,False
EMP0443,7,70,3941000,13793500,13793500,False
EMP0443,8,68,4099000,13936600,13936600,False
EMP0443,9,70,4164000,14574000,14574000,False
EMP0443,10,68,4198000,14273200,14273200,False
EMP0443,11,71,4105000,14572750,14572750,False
EMP0443,12,67,3874000,12977900,12977900,False
EMP0444,1,151,3390000,25594500,25594500,False
EMP0444,2,154,3303000,25433100,25433100,False
EMP0444,3,155,3392000,26288000,26288000,False
EMP0444,4,155,3300000,25575000,25575000,False
EMP0444,5,157,3178000,24947300,24947300,False
EMP0444,6,156,3192000,24897600,24897600,False
EMP0444,7,162,3298000,26713800,26713800,False
EMP0444,8,156,3229000,25186200,25186200,False
EMP0444,9,155,3215000,24916250,24916250,False
EMP0444,10,149,3376000,25151200,25151200,False
EMP0444,11,141,3343000,23568150,23568150,False
EMP0444,12,159,3345000,26592750,26592750,False
EMP0445,1,204,3200000,32640000,32640000,False
EMP0445,2,203,3116000,31627400,31627400,False
EMP0445,3,210,3218000,33789000,33789000,False
EMP0445,4,211,3146000,33190300,33190300,False
EMP0445,5,199,3258000,32417100,32417100,False
EMP0445,6,194,3333000,32330100,0,True
EMP0445,7,206,3275000,33732500,33732500,False
EMP0445,8,206,3323000,34226900,34226900,False
EMP0445,9,209,3285000,34328250,34328250,False
EMP0445,10,204,3142000,32048400,32048400,False
EMP0445,11,211,3142000,33148100,33148100,False
EMP0445,12,206,3322000,34216600,34216600,False
EMP0446,1,106,1578000,8363400,8363400,False
EMP0446,2,119,1540000,9163000,9163000,False
EMP0446,3,117,1513000,8851050,8851050,False
EMP0446,4,116,1541000,8937800,8937800,False
EMP0446,5,114,1608000,9165600,9165600,False
EMP0446,6,116,1540000,8932000,8932000,False
EMP0446,7,115,1527000,8780250,8780250,False
EMP0446,8,117,1533000,8968050,8968050,False
EMP0446,9,112,1492000,8355200,8355200,False
EMP0446,10,115,1596000,9177000,9177000,False
EMP0446,11,118,1523000,8985700,8985700,False
EMP0446,12,120,1477000,8862000,8862000,False
EMP0447,1,22,5276000,5803600,5803600,False
EMP0447,2,22,5084000,5592400,0,True
EMP0447,3,23,5572000,6407800,0,True
EMP0447,4,22,5164000,5680400,0,True
EMP0447,5,22,5255000,5780500,5780500,False
EMP0447,6,23,5102000,5867300,5867300,False
EMP0447,7,24,4975000,5970000,5970000,False
EMP0447,8,23,5206000,5986900,5986900,False
EMP0447,9,23,5145000,5916750,5916750,False
EMP0447,10,22,5117000,5628700,5628700,False
EMP0447,11,23,5082000,5844300,0,True
EMP0447,12,23,5442000,6258300,6258300,False
EMP0448,1,162,2799000,22671900,22671900,False
EMP0448,2,160,2857000,22856000,22856000,False
EMP0448,3,148,2733000,20224200,20224200,False
EMP0448,4,151,2803000,21162650,21162650,False
EMP0448,5,153,2842000,21741300,21741300,False
EMP0448,6,151,2688000,20294400,20294400,False
EMP0448,7,146,2764000,20177200,20177200,False
EMP0448,8,157,2695000,21155750,21155750,False
EMP0448,9,145,2781000,20162250,20162250,False
EMP0448,10,147,2680000,19698000,19698000,False
EMP0448,11,146,2659000,19410700,19410700,False
EMP0448,12,151,2824000,21321200,21321200,False
EMP0449,1,175,4696000,41090000,41090000,False
EMP0449,2,164,4382000,35932400,35932400,False
EMP0449,3,175,4677000,40923750,40923750,False
EMP0449,4,171,4619000,39492450,39492450,False
EMP0449,5,168,4531000,38060400,38060400,False
EMP0449,6,164,4421000,36252200,36252200,False
EMP0449,7,168,4512000,37900800,37900800,False
EMP0449,8,174,4699000,40881300,40881300,False
EMP0449,9,163,4321000,35216150,35216150,False
EMP0449,10,175,4731000,41396250,41396250,False
EMP0449,11,157,4567000,35850950,35850950,False
EMP0449,12,174,4713000,41003100,41003100,False
EMP0450,1,52,2093000,5441800,5441800,False
EMP0450,2,48,2180000,5232000,5232000,False
EMP0450,3,51,2084000,5314200,5314200,False
EMP0450,4,50,2111000,5277500,5277500,False
EMP0450,5,50,2173000,5432500,5432500,False
EMP0450,6,52,2000000,5200000,5200000,False
EMP0450,7,51,1964000,5008200,5008200,False
EMP0450,8,49,2102000,5149900,5149900,False
EMP0450,9,50,2091000,5227500,5227500,False
EMP0450,10,52,2221000,5774600,0,True
EMP0450,11,51,2071000,5281050,5281050,False
EMP0450,12,51,2130000,5431500,5431500,False
EMP0451,1,134,2007000,13446900,13446900,False
EMP0451,2,131,2138000,14003900,14003900,False
EMP0451,3,131,1976000,12942800,12942800,False
EMP0451,4,132,2028000,13384800,13384800,False
EMP0451,5,133,2022000,13446300,13446300,False
EMP0451,6,126,2080000,13104000,13104000,False
EMP0451,7,134,2078000,13922600,13922600,False
EMP0451,8,129,2127000,13719150,13719150,False
EMP0451,9,133,1997000,13280050,13280050,False
EMP0451,10,125,2044000,12775000,12775000,False
EMP0451,11,131,2089000,13682950,13682950,False
EMP0451,12,126,2055000,12946500,12946500,False
EMP0452,1,66,2224000,7339200,7339200,False
EMP0452,2,70,2359000,8256500,8256500,False
EMP0452,3,66,2168000,7154400,7154400,False
EMP0452,4,69,2316000,7990200,7990200,False
EMP0452,5,66,2256000,7444800,7444800,False
EMP0452,6,65,2249000,7309250,7309250,False
EMP0452,7,64,2226000,7123200,7123200,False
EMP0452,8,70,2320000,8120000,8120000,False
EMP0452,9,66,2367000,7811100,7811100,False
EMP0452,10,72,2411000,8679600,8679600,False
EMP0452,11,68,2262000,7690800,7690800,False
EMP0452,12,64,2262000,7238400,7238400,False
EMP0453,1,94,6676000,31377200,31377200,False
EMP0453,2,90,6868000,30906000,30906000,False
EMP0453,3,95,6685000,31753750,31753750,False
EMP0453,4,89,7111000,31643950,31643950,False
EMP0453,5,90,7188000,32346000,32346000,False
EMP0453,6,92,6575000,30245000,30245000,False
EMP0453,7,92,7300000,33580000,33580000,False
EMP0453,8,91,7013000,31909150,31909150,False
EMP0453,9,95,6782000,32214500,32214500,False
EMP0453,10,95,7343000,34879250,34879250,False
EMP0453,11,90,6860000,30870000,30870000,False
EMP0453,12,97,6537000,31704450,0,True
EMP0454,1,127,4467000,28365450,28365450,False
EMP0454,2,137,4593000,31462050,31462050,False
EMP0454,3,133,4448000,29579200,29579200,False
EMP0454,4,136,4685000,31858000,31858000,False
EMP0454,5,129,4590000,29605500,29605500,False
EMP0454,6,138,4452000,30718800,30718800,False
EMP0454,7,136,4489000,30525200,0,True
EMP0454,8,138,4358000,30070200,30070200,False
EMP0454,9,130,4663000,30309500,0,True
EMP0454,10,134,4509000,30210300,30210300,False
EMP0454,11,131,4466000,29252300,29252300,False
EMP0454,12,133,4452000,29605800,29605800,False
EMP0455,1,14,7058000,4940600,4940600,False
EMP0455,2,13,7439000,4835350,4835350,False
EMP0455,3,13,6919000,4497350,4497350,False
EMP0455,4,13,6919000,4497350,4497350,False
EMP0455,5,13,6699000,4354350,4354350,False
EMP0455,6,13,6861000,4459650,4459650,False
EMP0455,7,13,7152000,4648800,4648800,False
EMP0455,8,13,7214000,4689100,4689100,False
EMP0455,9,13,6855000,4455750,4455750,False
EMP0455,10,13,7150000,4647500,4647500,False
EMP0455,11,13,7307000,4749550,4749550,False
EMP0455,12,12,6697000,4018200,4018200,False
EMP0456,1,116,2130000,12354000,0,True
EMP0456,2,111,2236000,12409800,12409800,False
EMP0456,3,117,2046000,11969100,11969100,False
EMP0456,4,113,2105000,11893250,11893250,False
EMP0456,5,115,2009000,11551750,11551750,False
EMP0456,6,117,2127000,12442950,12442950,False
EMP0456,7,110,2094000,11517000,11517000,False
EMP0456,8,118,2155000,12714500,12714500,False
EMP0456,9,119,2211000,13155450,13155450,False
EMP0456,10,120,2130000,12780000,12780000,False
EMP0456,11,115,2045000,11758750,11758750,False
EMP0456,12,113,2136000,12068400,12068400,False
EMP0457,1,79,3331000,13157450,13157450,False
EMP0457,2,85,3480000,14790000,14790000,False
EMP0457,3,83,3255000,13508250,13508250,False
EMP0457,4,82,3382000,13866200,13866200,False
EMP0457,5,87,3430000,14920500,14920500,False
EMP0457,6,83,3518000,14599700,0,True
EMP0457,7,86,3503000,15062900,15062900,False
EMP0457,8,82,3439000,14099900,14099900,False
EMP0457,9,84,3523000,14796600,14796600,False
EMP0457,10,84,3466000,14557200,14557200,False
EMP0457,11,85,3508000,14909000,14909000,False
EMP0457,12,83,3524000,14624600,14624600,False
EMP0458,1,118,3254000,19198600,19198600,False
EMP0458,2,112,3394000,19006400,19006400,False
EMP0458,3,117,3286000,19223100,19223100,False
EMP0458,4,112,3293000,18440800,18440800,False
EMP0458,5,116,3181000,18449800,18449800,False
EMP0458,6,108,3218000,17377200,17377200,False
EMP0458,7,117,3324000,19445400,19445400,False
EMP0458,8,120,3253000,19518000,19518000,False
EMP0458,9,115,3276000,18837000,18837000,False
EMP0458,10,122,3242000,19776200,19776200,False
EMP0458,11,116,3317000,19238600,19238600,False
EMP0458,12,113,2930000,16554500,16554500,False
EMP0459,1,181,3147000,28480350,28480350,False
EMP0459,2,182,3154000,28701400,28701400,False
EMP0459,3,182,3321000,30221100,30221100,False
EMP0459,4,177,3300000,29205000,29205000,False
EMP0459,5,177,3166000,28019100,28019100,False
EMP0459,6,181,3205000,29005250,29005250,False
EMP0459,7,186,3361000,31257300,31257300,False
EMP0459,8,173,3328000,28787200,28787200,False
EMP0459,9,169,3309000,27961050,27961050,False
EMP0459,10,177,3387000,29974950,29974950,False
EMP0459,11,184,3153000,29007600,29007600,False
EMP0459,12,187,3402000,31808700,31808700,False
EMP0460,1,54,4361000,11774700,11774700,False
EMP0460,2,49,4097000,10037650,10037650,False
EMP0460,3,54,4354000,11755800,11755800,False
EMP0460,4,52,4255000,11063000,11063000,False
EMP0460,5,50,4336000,10840000,10840000,False
EMP0460,6,50,4501000,11252500,11252500,False
EMP0460,7,50,4403000,11007500,11007500,False
EMP0460,8,53,4132000,10949800,10949800,False
EMP0460,9,55,4121000,11332750,11332750,False
EMP0460,10,51,4647000,11849850,11849850,False
EMP0460,11,52,4126000,10727600,10727600,False
EMP0460,12,53,4108000,10886200,10886200,False
EMP0461,1,253,3654000,46223100,46223100,False
EMP0461,2,243,3778000,45902700,0,True
EMP0461,3,255,3843000,48998250,48998250,False
EMP0461,4,245,3508000,42973000,42973000,False
EMP0461,5,249,3693000,45977850,45977850,False
EMP0461,6,243,3883000,47178450,47178450,False
EMP0461,7,240,3653000,43836000,43836000,False
EMP0461,8,245,3611000,44234750,44234750,False
EMP0461,9,259,3843000,49766850,49766850,False
EMP0461,10,254,3704000,47040800,47040800,False
EMP0461,11,248,3557000,44106800,44106800,False
EMP0461,12,262,3657000,47906700,47906700,False
EMP0462,1,114,4075000,23227500,23227500,False
EMP0462,2,116,4143000,24029400,24029400,False
EMP0462,3,117,4081000,23873850,23873850,False
EMP0462,4,111,4210000,23365500,23365500,False
EMP0462,5,120,3999000,23994000,23994000,False
EMP0462,6,126,4029000,25382700,25382700,False
EMP0462,7,122,4011000,24467100,24467100,False
EMP0462,8,121,4097000,24786850,24786850,False
EMP0462,9,118,3948000,23293200,23293200,False
EMP0462,10,121,4048000,24490400,24490400,False
EMP0462,11,113,4105000,23193250,23193250,False
EMP0462,12,122,4000000,24400000,24400000,False
EMP0463,1,21,2145000,2252250,2252250,False
EMP0463,2,22,2185000,2403500,2403500,False
EMP0463,3,19,2060000,1957000,1957000,False
EMP0463,4,22,2191000,2410100,2410100,False
EMP0463,5,20,2236000,2236000,2236000,False
EMP0463,6,22,2113000,2324300,2324300,False
EMP0463,7,21,2227000,2338350,2338350,False
EMP0463,8,22,2104000,2314400,2314400,False
EMP0463,9,21,2230000,2341500,2341500,False
EMP0463,10,21,1900000,1995000,1995000,False
EMP0463,11,20,2089000,2089000,2089000,False
EMP0463,12,20,2123000,2123000,2123000,False
EMP0464,1,415,5124000,106323000,106323000,False
EMP0464,2,391,5067000,99059850,99059850,False
EMP0464,3,402,4581000,92078100,92078100,False
EMP0464,4,387,4843000,93712050,93712050,False
EMP0464,5,385,4924000,94787000,94787000,False
EMP0464,6,388,4917000,95389800,95389800,False
EMP0464,7,389,5047000,98164150,98164150,False
EMP0464,8,404,5004000,101080800,101080800,False
EMP0464,9,375,4963000,93056250,93056250,False
EMP0464,10,378,5084000,96087600,96087600,False
EMP0464,11,412,5054000,104112400,104112400,False
EMP0464,12,397,5110000,101433500,101433500,False
EMP0465,1,92,2389000,10989400,10989400,False
EMP0465,2,90,2389000,10750500,10750500,False
EMP0465,3,96,2605000,12504000,12504000,False
EMP0465,4,93,2556000,11885400,11885400,False
EMP0465,5,89,2438000,10849100,10849100,False
EMP0465,6,96,2594000,12451200,12451200,False
EMP0465,7,92,2477000,11394200,11394200,False
EMP0465,8,90,2620000,11790000,11790000,False
EMP0465,9,93,2527000,11750550,11750550,False
EMP0465,10,92,2593000,11927800,11927800,False
EMP0465,11,89,2389000,10631050,10631050,False
EMP0465,12,95,2538000,12055500,12055500,False
EMP0466,1,24,4492000,5390400,5390400,False
EMP0466,2,25,4276000,5345000,5345000,False
EMP0466,3,27,4589000,6195150,6195150,False
EMP0466,4,26,4823000,6269900,6269900,False
EMP0466,5,26,4504000,5855200,5855200,False
EMP0466,6,25,4308000,5385000,5385000,False
EMP0466,7,26,4688000,6094400,0,True
EMP0466,8,24,4764000,5716800,5716800,False
EMP0466,9,26,4631000,6020300,6020300,False
EMP0466,10,25,4550000,5687500,5687500,False
EMP0466,11,26,4648000,6042400,6042400,False
EMP0466,12,25,4857000,6071250,6071250,False
EMP0467,1,52,5674000,14752400,14752400,False
EMP0467,2,53,5575000,14773750,14773750,False
EMP0467,3,56,5534000,15495200,15495200,False
EMP0467,4,53,5058000,13403700,13403700,False
EMP0467,5,54,5592000,15098400,15098400,False
EMP0467,6,54,5675000,15322500,15322500,False
EMP0467,7,53,5440000,14416000,14416000,False
EMP0467,8,54,5577000,15057900,0,True
EMP0467,9,51,5652000,14412600,14412600,False
EMP0467,10,52,5483000,14255800,14255800,False
EMP0467,11,51,5585000,14241750,14241750,False
EMP0467,12,51,5639000,14379450,14379450,False
EMP0468,1,137,2833000,19406050,19406050,False
EMP0468,2,146,2787000,20345100,20345100,False
EMP0468,3,145,2737000,19843250,19843250,False
EMP0468,4,143,2452000,17531800,17531800,False
EMP0468,5,151,2732000,20626600,20626600,False
EMP0468,6,149,2617000,19496650,19496650,False
EMP0468,7,149,2534000,18878300,18878300,False
EMP0468,8,150,2627000,19702500,19702500,False
EMP0468,9,156,2786000,21730800,21730800,False
EMP0468,10,158,2672000,21108800,21108800,False
EMP0468,11,140,2440000,17080000,17080000,False
EMP0468,12,145,2699000,19567750,19567750,False
EMP0469,1,97,2811000,13633350,13633350,False
EMP0469,2,93,2862000,13308300,13308300,False
EMP0469,3,96,2856000,13708800,13708800,False
EMP0469,4,94,2646000,12436200,12436200,False
EMP0469,5,98,2849000,13960100,13960100,False
EMP0469,6,99,2713000,13429350,13429350,False
EMP0469,7,92,2688000,12364800,12364800,False
EMP0469,8,101,2768000,13978400,13978400,False
EMP0469,9,100,2620000,13100000,13100000,False
EMP0469,10,101,2719000,13730950,13730950,False
EMP0469,11,98,2842000,13925800,13925800,False
EMP0469,12,95,2689000,12772750,12772750,False
EMP0470,1,43,5993000,12884950,12884950,False
EMP0470,2,46,5326000,12249800,12249800,False
EMP0470,3,42,5959000,12513900,12513900,False
EMP0470,4,41,5658000,11598900,11598900,False
EMP0470,5,41,6047000,12396350,12396350,False
EMP0470,6,43,5684000,12220600,12220600,False
EMP0470,7,41,5646000,11574300,11574300,False
EMP0470,8,44,5865000,12903000,12903000,False
EMP0470,9,44,5783000,12722600,12722600,False
EMP0470,10,43,5800000,12470000,12470000,False
EMP0470,11,43,5551000,11934650,11934650,False
EMP0470,12,40,5801000,11602000,11602000,False
EMP0471,1,188,4686000,44048400,44048400,False
EMP0471,2,175,4720000,41300000,41300000,False
EMP0471,3,192,4855000,46608000,46608000,False
EMP0471,4,191,4651000,44417050,44417050,False
EMP0471,5,166,4643000,38536900,38536900,False
EMP0471,6,176,4672000,41113600,41113600,False
EMP0471,7,183,4889000,44734350,44734350,False
EMP0471,8,173,4918000,42540700,42540700,False
EMP0471,9,180,4950000,44550000,44550000,False
EMP0471,10,187,4692000,43870200,43870200,False
EMP0471,11,167,4664000,38944400,38944400,False
EMP0471,12,181,4885000,44209250,44209250,False
EMP0472,1,175,2139000,18716250,18716250,False
EMP0472,2,176,2188000,19254400,19254400,False
EMP0472,3,177,2183000,19319550,19319550,False
EMP0472,4,175,2205000,19293750,19293750,False
EMP0472,5,172,2193000,18859800,18859800,False
EMP0472,6,173,1968000,17023200,17023200,False
EMP0472,7,176,2052000,18057600,18057600,False
EMP0472,8,185,2083000,19267750,19267750,False
EMP0472,9,192,2226000,21369600,21369600,False
EMP0472,10,182,2106000,19164600,0,True
EMP0472,11,183,2052000,18775800,18775800,False
EMP0472,12,172,2151000,18498600,18498600,False
EMP0473,1,133,5772000,38383800,38383800,False
EMP0473,2,142,5753000,40846300,40846300,False
EMP0473,3,135,5861000,39561750,39561750,False
EMP0473,4,141,5955000,41982750,41982750,False
EMP0473,5,133,5968000,39687200,39687200,False
EMP0473,6,141,5767000,40657350,40657350,False
EMP0473,7,132,5819000,38405400,38405400,False
EMP0473,8,133,5845000,38869250,38869250,False
EMP0473,9,130,5826000,37869000,37869000,False
EMP0473,10,147,5936000,43629600,43629600,False
EMP0473,11,139,6007000,41748650,41748650,False
EMP0473,12,131,6135000,40184250,40184250,False
EMP0474,1,89,3619000,16104550,16104550,False
EMP0474,2,103,3854000,19848100,19848100,False
EMP0474,3,105,3886000,20401500,0,True
EMP0474,4,106,3637000,19276100,19276100,False
EMP0474,5,98,3677000,18017300,18017300,False
EMP0474,6,101,3763000,19003150,19003150,False
EMP0474,7,99,3492000,17285400,17285400,False
EMP0474,8,98,3667000,17968300,17968300,False
EMP0474,9,103,3758000,19353700,19353700,False
EMP0474,10,96,3970000,19056000,19056000,False
EMP0474,11,101,3581000,18084050,18084050,False
EMP0474,12,100,3770000,18850000,18850000,False
EMP0475,1,79,5193000,20512350,20512350,False
EMP0475,2,81,5042000,20420100,20420100,False
EMP0475,3,88,5120000,22528000,22528000,False
EMP0475,4,82,4925000,20192500,20192500,False
EMP0475,5,83,4867000,20198050,20198050,False
EMP0475,6,84,4678000,19647600,19647600,False
EMP0475,7,87,4853000,21110550,21110550,False
EMP0475,8,77,4727000,18198950,18198950,False
EMP0475,9,83,5070000,21040500,21040500,False
EMP0475,10,82,4934000,20229400,20229400,False
EMP0475,11,81,5095000,20634750,20634750,False
EMP0475,12,82,5071000,20791100,20791100,False
EMP0476,1,66,3367000,11111100,11111100,False
EMP0476,2,69,3272000,11288400,11288400,False
EMP0476,3,64,3435000,10992000,10992000,False
EMP0476,4,70,3457000,12099500,12099500,False
EMP0476,5,69,3437000,11857650,11857650,False
EMP0476,6,66,3355000,11071500,0,True
EMP0476,7,67,3217000,10776950,10776950,False
EMP0476,8,68,3466000,11784400,11784400,False
EMP0476,9,72,3282000,11815200,11815200,False
EMP0476,10,70,3482000,12187000,12187000,False
EMP0476,11,70,3380000,11830000,11830000,False
EMP0476,12,70,3289000,11511500,11511500,False
EMP0477,1,50,2081000,5202500,5202500,False
EMP0477,2,47,2160000,5076000,0,True
EMP0477,3,48,2069000,4965600,4965600,False
EMP0477,4,50,1992000,4980000,4980000,False
EMP0477,5,48,1956000,4694400,4694400,False
EMP0477,6,50,1947000,4867500,4867500,False
EMP0477,7,52,1877000,4880200,4880200,False
EMP0477,8,54,2123000,5732100,5732100,False
EMP0477,9,52,2078000,5402800,5402800,False
EMP0477,10,52,2108000,5480800,5480800,False
EMP0477,11,51,2020000,5151000,5151000,False
EMP0477,12,50,2012000,5030000,5030000,False
EMP0478,1,223,2329000,25968350,25968350,False
EMP0478,2,226,2338000,26419400,26419400,False
EMP0478,3,227,2472000,28057200,28057200,False
EMP0478,4,218,2472000,26944800,26944800,False
EMP0478,5,223,2440000,27206000,27206000,False
EMP0478,6,215,2490000,26767500,26767500,False
EMP0478,7,236,2293000,27057400,27057400,False
EMP0478,8,223,2246000,25042900,25042900,False
EMP0478,9,210,2368000,24864000,24864000,False
EMP0478,10,220,2324000,25564000,25564000,False
EMP0478,11,222,2360000,26196000,26196000,False
EMP0478,12,216,2356000,25444800,25444800,False
EMP0479,1,393,3487000,68519550,68519550,False
EMP0479,2,394,3344000,65876800,65876800,False
EMP0479,3,405,3291000,66642750,66642750,False
EMP0479,4,414,3317000,68661900,68661900,False
EMP0479,5,393,3378000,66377700,66377700,False
EMP0479,6,395,3357000,66300750,66300750,False
EMP0479,7,390,3324000,64818000,64818000,False
EMP0479,8,416,3469000,72155200,72155200,False
EMP0479,9,408,3227000,65830800,65830800,False
EMP0479,10,412,3630000,74778000,74778000,False
EMP0479,11,401,3530000,70776500,70776500,False
EMP0479,12,391,3388000,66235400,66235400,False
EMP0480,1,35,4258000,7451500,7451500,False
EMP0480,2,36,4342000,7815600,7815600,False
EMP0480,3,36,4153000,7475400,7475400,False
EMP0480,4,35,4287000,7502250,7502250,False
EMP0480,5,36,4036000,7264800,7264800,False
EMP0480,6,35,4257000,7449750,7449750,False
EMP0480,7,38,4221000,8019900,8019900,False
EMP0480,8,34,4318000,7340600,7340600,False
EMP0480,9,33,4168000,6877200,6877200,False
EMP0480,10,35,4166000,7290500,7290500,False
EMP0480,11,35,4068000,7119000,7119000,False
EMP0480,12,34,4102000,6973400,6973400,False
EMP0481,1,29,2340000,3393000,3393000,False
EMP0481,2,28,2264000,3169600,3169600,False
EMP0481,3,28,2212000,3096800,3096800,False
EMP0481,4,28,2212000,3096800,3096800,False
EMP0481,5,29,2173000,3150850,3150850,False
EMP0481,6,25,2343000,2928750,2928750,False
EMP0481,7,28,2243000,3140200,3140200,False
EMP0481,8,27,2071000,2795850,2795850,False
EMP0481,9,28,2077000,2907800,2907800,False
EMP0481,10,27,2258000,3048300,3048300,False
EMP0481,11,30,2197000,3295500,3295500,False
EMP0481,12,28,2106000,2948400,2948400,False
EMP0482,1,42,4274000,8975400,8975400,False
EMP0482,2,43,4578000,9842700,9842700,False
EMP0482,3,40,4537000,9074000,9074000,False
EMP0482,4,44,4470000,9834000,9834000,False
EMP0482,5,43,4387000,9432050,9432050,False
EMP0482,6,42,4344000,9122400,9122400,False
EMP0482,7,45,4604000,10359000,10359000,False
EMP0482,8,44,4357000,9585400,9585400,False
EMP0482,9,41,4731000,9698550,9698550,False
EMP0482,10,40,4660000,9320000,9320000,False
EMP0482,11,41,4535000,9296750,9296750,False
EMP0482,12,43,4342000,9335300,0,True
EMP0483,1,250,3629000,45362500,45362500,False
EMP0483,2,246,3526000,43369800,43369800,False
EMP0483,3,256,3628000,46438400,46438400,False
EMP0483,4,246,3729000,45866700,45866700,False
EMP0483,5,256,3559000,45555200,45555200,False
EMP0483,6,248,3683000,45669200,45669200,False
EMP0483,7,260,3588000,46644000,46644000,False
EMP0483,8,275,3467000,47671250,47671250,False
EMP0483,9,255,3565000,45453750,45453750,False
EMP0483,10,248,3616000,44838400,44838400,False
EMP0483,11,274,3685000,50484500,50484500,False
EMP0483,12,254,3632000,46126400,46126400,False
EMP0484,1,229,2387000,27331150,27331150,False
EMP0484,2,240,2464000,29568000,29568000,False
EMP0484,3,246,2347000,28868100,28868100,False
EMP0484,4,237,2519000,29850150,29850150,False
EMP0484,5,238,2458000,29250200,29250200,False
EMP0484,6,240,2457000,29484000,29484000,False
EMP0484,7,248,2392000,29660800,29660800,False
EMP0484,8,246,2354000,28954200,28954200,False
EMP0484,9,231,2588000,29891400,29891400,False
EMP0484,10,235,2439000,28658250,28658250,False
EMP0484,11,236,2375000,28025000,28025000,False
EMP0484,12,236,2287000,26986600,26986600,False
EMP0485,1,65,1907000,6197750,6197750,False
EMP0485,2,67,2014000,6746900,6746900,False
EMP0485,3,65,1966000,6389500,6389500,False
EMP0485,4,70,1946000,6811000,6811000,False
EMP0485,5,64,1861000,5955200,5955200,False
EMP0485,6,66,1949000,6431700,6431700,False
EMP0485,7,64,1839000,5884800,5884800,False
EMP0485,8,63,1845000,5811750,5811750,False
EMP0485,9,66,2050000,6765000,6765000,False
EMP0485,10,69,1969000,6793050,6793050,False
EMP0485,11,71,1848000,6560400,6560400,False
EMP0485,12,65,1983000,6444750,6444750,False
EMP0486,1,158,2567000,20279300,20279300,False
EMP0486,2,154,2547000,19611900,19611900,False
EMP0486,3,150,2641000,19807500,19807500,False
EMP0486,4,157,2547000,19993950,19993950,False
EMP0486,5,147,2575000,18926250,18926250,False
EMP0486,6,152,2488000,18908800,18908800,False
EMP0486,7,158,2498000,19734200,19734200,False
EMP0486,8,149,2564000,19101800,19101800,False
EMP0486,9,154,2710000,20867000,20867000,False
EMP0486,10,158,2427000,19173300,19173300,False
EMP0486,11,158,2486000,19639400,19639400,False
EMP0486,12,155,2770000,21467500,21467500,False
EMP0487,1,92,3034000,13956400,13956400,False
EMP0487,2,88,3116000,13710400,13710400,False
EMP0487,3,85,2954000,12554500,12554500,False
EMP0487,4,88,3012000,13252800,13252800,False
EMP0487,5,85,2913000,12380250,12380250,False
EMP0487,6,92,3085000,14191000,14191000,False
EMP0487,7,88,3095000,13618000,13618000,False
EMP0487,8,90,3076000,13842000,13842000,False
EMP0487,9,89,2963000,13185350,13185350,False
EMP0487,10,93,2948000,13708200,13708200,False
EMP0487,11,92,2851000,13114600,13114600,False
EMP0487,12,88,2996000,13182400,13182400,False
EMP0488,1,332,2772000,46015200,46015200,False
EMP0488,2,349,2497000,43572650,43572650,False
EMP0488,3,342,2758000,47161800,47161800,False
EMP0488,4,338,2515000,42503500,42503500,False
EMP0488,5,339,2573000,43612350,43612350,False
EMP0488,6,323,2463000,39777450,39777450,False
EMP0488,7,343,2659000,45601850,45601850,False
EMP0488,8,348,2668000,46423200,46423200,False
EMP0488,9,335,2561000,42896750,42896750,False
EMP0488,10,354,2702000,47825400,47825400,False
EMP0488,11,343,2525000,43303750,43303750,False
EMP0488,12,328,2666000,43722400,43722400,False
EMP0489,1,144,7016000,50515200,50515200,False
EMP0489,2,152,7279000,55320400,55320400,False
EMP0489,3,141,7265000,51218250,0,True
EMP0489,4,143,7549000,53975350,53975350,False
EMP0489,5,144,7159000,51544800,51544800,False
EMP0489,6,146,6866000,50121800,50121800,False
EMP0489,7,143,7145000,51086750,51086750,False
EMP0489,8,134,7582000,50799400,50799400,False
EMP0489,9,142,7638000,54229800,54229800,False
EMP0489,10,149,6925000,51591250,51591250,False
EMP0489,11,144,7262000,52286400,52286400,False
EMP0489,12,134,7323000,49064100,49064100,False
EMP0490,1,419,4488000,94023600,94023600,False
EMP0490,2,398,4491000,89370900,89370900,False
EMP0490,3,404,4528000,91465600,91465600,False
EMP0490,4,395,4870000,96182500,96182500,False
EMP0490,5,416,4351000,90500800,90500800,False
EMP0490,6,414,4535000,93874500,0,True
EMP0490,7,423,4184000,88491600,88491600,False
EMP0490,8,410,4578000,93849000,93849000,False
EMP0490,9,408,4735000,96594000,96594000,False
EMP0490,10,421,4502000,94767100,94767100,False
EMP0490,11,422,4826000,101828600,101828600,False
EMP0490,12,428,4959000,106122600,106122600,False
EMP0491,1,43,4766000,10246900,10246900,False
EMP0491,2,41,4852000,9946600,9946600,False
EMP0491,3,42,4834000,10151400,10151400,False
EMP0491,4,41,4621000,9473050,9473050,False
EMP0491,5,41,4743000,9723150,9723150,False
EMP0491,6,43,4954000,10651100,10651100,False
EMP0491,7,40,4789000,9578000,9578000,False
EMP0491,8,41,4899000,10042950,10042950,False
EMP0491,9,42,4989000,10476900,10476900,False
EMP0491,10,41,4932000,10110600,10110600,False
EMP0491,11,41,4859000,9960950,9960950,False
EMP0491,12,39,4868000,9492600,9492600,False
EMP0492,1,72,4018000,14464800,14464800,False
EMP0492,2,73,3936000,14366400,14366400,False
EMP0492,3,73,4174000,15235100,15235100,False
EMP0492,4,74,4389000,16239300,0,True
EMP0492,5,74,3862000,14289400,14289400,False
EMP0492,6,75,4031000,15116250,15116250,False
EMP0492,7,75,3905000,14643750,14643750,False
EMP0492,8,71,3976000,14114800,14114800,False
EMP0492,9,77,3945000,15188250,15188250,False
EMP0492,10,74,4157000,15380900,15380900,False
EMP0492,11,73,4203000,15340950,15340950,False
EMP0492,12,78,4138000,16138200,16138200,False
EMP0493,1,68,2704000,9193600,9193600,False
EMP0493,2,70,2580000,9030000,9030000,False
EMP0493,3,73,2774000,10125100,10125100,False
EMP0493,4,70,2667000,9334500,9334500,False
EMP0493,5,70,2501000,8753500,8753500,False
EMP0493,6,69,2660000,9177000,9177000,False
EMP0493,7,73,2777000,10136050,10136050,False
EMP0493,8,73,2745000,10019250,10019250,False
EMP0493,9,69,2772000,9563400,9563400,False
EMP0493,10,69,2721000,9387450,9387450,False
EMP0493,11,68,2614000,8887600,8887600,False
EMP0493,12,67,2719000,9108650,9108650,False
EMP0494,1,58,3331000,9659900,9659900,False
EMP0494,2,55,3296000,9064000,9064000,False
EMP0494,3,59,3286000,9693700,9693700,False
EMP0494,4,57,3485000,9932250,9932250,False
EMP0494,5,58,3324000,9639600,9639600,False
EMP0494,6,57,3132000,8926200,8926200,False
EMP0494,7,57,3481000,9920850,9920850,False
EMP0494,8,58,3172000,9198800,9198800,False
EMP0494,9,57,3258000,9285300,9285300,False
EMP0494,10,57,3277000,9339450,9339450,False
EMP0494,11,57,3415000,9732750,9732750,False
EMP0494,12,59,3089000,9112550,9112550,False
EMP0495,1,117,1972000,11536200,11536200,False
EMP0495,2,124,2055000,12741000,12741000,False
EMP0495,3,123,2020000,12423000,12423000,False
EMP0495,4,114,2051000,11690700,11690700,False
EMP0495,5,114,2012000,11468400,11468400,False
EMP0495,6,117,1987000,11623950,11623950,False
EMP0495,7,115,1985000,11413750,11413750,False
EMP0495,8,117,2095000,12255750,12255750,False
EMP0495,9,114,2003000,11417100,11417100,False
EMP0495,10,118,2010000,11859000,11859000,False
EMP0495,11,116,2035000,11803000,11803000,False
EMP0495,12,117,1910000,11173500,11173500,False
EMP0496,1,9,5750000,2587500,2587500,False
EMP0496,2,10,5487000,2743500,2743500,False
EMP0496,3,9,5422000,2439900,2439900,False
EMP0496,4,10,5292000,2646000,2646000,False
EMP0496,5,10,5615000,2807500,2807500,False
EMP0496,6,10,5475000,2737500,0,True
EMP0496,7,10,5779000,2889500,2889500,False
EMP0496,8,9,5200000,2340000,2340000,False
EMP0496,9,10,5893000,2946500,2946500,False
EMP0496,10,10,5842000,2921000,2921000,False
EMP0496,11,10,5330000,2665000,2665000,False
EMP0496,12,10,5536000,2768000,2768000,False
EMP0497,1,19,1925000,1828750,1828750,False
EMP0497,2,18,1810000,1629000,1629000,False
EMP0497,3,19,1860000,1767000,1767000,False
EMP0497,4,19,1897000,1802150,1802150,False
EMP0497,5,18,1894000,1704600,1704600,False
EMP0497,6,18,1839000,1655100,0,True
EMP0497,7,19,1910000,1814500,1814500,False
EMP0497,8,18,1856000,1670400,1670400,False
EMP0497,9,18,1975000,1777500,1777500,False
EMP0497,10,19,1924000,1827800,1827800,False
EMP0497,11,18,1889000,1700100,1700100,False
EMP0497,12,20,1965000,1965000,1965000,False
EMP0498,1,155,3579000,27737250,27737250,False
EMP0498,2,164,3579000,29347800,29347800,False
EMP0498,3,159,3718000,29558100,29558100,False
EMP0498,4,159,3402000,27045900,27045900,False
EMP0498,5,163,3640000,29666000,29666000,False
EMP0498,6,167,3751000,31320850,31320850,False
EMP0498,7,163,3554000,28965100,28965100,False
EMP0498,8,156,3799000,29632200,29632200,False
EMP0498,9,156,3517000,27432600,27432600,False
EMP0498,10,160,3663000,29304000,29304000,False
EMP0498,11,169,3604000,30453800,30453800,False
EMP0498,12,164,3456000,28339200,28339200,False
EMP0499,1,48,4757000,11416800,11416800,False
EMP0499,2,47,5135000,12067250,12067250,False
EMP0499,3,49,5127000,12561150,12561150,False
EMP0499,4,49,5156000,12632200,12632200,False
EMP0499,5,47,4953000,11639550,11639550,False
EMP0499,6,47,5038000,11839300,11839300,False
EMP0499,7,47,4926000,11576100,11576100,False
EMP0499,8,49,4878000,11951100,11951100,False
EMP0499,9,49,5076000,12436200,12436200,False
EMP0499,10,48,4762000,11428800,11428800,False
EMP0499,11,49,4833000,11840850,11840850,False
EMP0499,12,47,4947000,11625450,11625450,False
EMP0500,1,262,3084000,40400400,40400400,False
EMP0500,2,238,3283000,39067700,39067700,False
EMP0500,3,258,3215000,41473500,41473500,False
EMP0500,4,247,3143000,38816050,38816050,False
EMP0500,5,253,3210000,40606500,40606500,False
EMP0500,6,243,3185000,38697750,38697750,False
EMP0500,7,248,3168000,39283200,39283200,False
EMP0500,8,255,3250000,41437500,41437500,False
EMP0500,9,253,3075000,38898750,38898750,False
EMP0500,10,256,3092000,39577600,39577600,False
EMP0500,11,265,3124000,41393000,41393000,False
EMP0500,12,249,3027000,37686150,37686150,False
